일련번호,시설코드,데이터연도,시설명,시설유형,전화번호,주소,도로명주소,시도코드,시군구코드,읍면동코드,원본X좌표,원본Y좌표,경도,위도
236168,509010,2025,지에스25청주우암로점,편의점,,충청북도 청주시 청원구 우암동 363-2,충청북도 청주시 청원구 우암로53번길 1,43,43114,43114101,14191562.10461,4390935.29044,127.48497145877171,36.65362043339538
236169,509010,2025,꽁꽁냠냠무인할인,편의점,,충청북도 청주시 흥덕구 운천동 965,충청북도 청주시 흥덕구 직지대로 745,43,43113,43113104,14190500.54914,4389601.79024,127.47543534373396,36.64400954240921
236180,509010,2025,지에스산남꿈동산점,편의점,,충청북도 청주시 서원구 산남동 709,충청북도 청주시 서원구 두꺼비로60번길 3-2,43,43112,43112104,14189336.55158,4384877.95626,127.46497897574426,36.60995396442736
236182,509010,2025,로그인청주,편의점,,충청북도 청주시 청원구 율량동 775,충청북도 청주시 청원구 율봉로151번길 47,43,43114,43114103,14191522.07401,4393243.9089,127.48461185777353,36.67025642539105
236184,509010,2025,이마트24청주충청대로점,편의점,,충청북도 청주시 청원구 주성동 163-3,충청북도 청주시 청원구 충청대로 240,43,43114,43114105,14192976.94027,4394218.36425,127.49768114375243,36.67727730837717
236185,509010,2025,미니스톱청주우암수점,편의점,,충청북도 청주시 청원구 우암동 370-6,충청북도 청주시 청원구 내덕로8번길 3,43,43114,43114101,14191241.23976,4391204.08685,127.4820890807824,36.65555757543435
236186,509010,2025,씨유청주율봉공원점,편의점,,충청북도 청주시 청원구 율량동 2183,충청북도 청주시 청원구 율량로189번길 38,43,43114,43114103,14193350.59271,4392562.66145,127.50103772073089,36.66534770443129
236187,509010,2025,세븐청주힐즈점,편의점,,충청북도 청주시 흥덕구 비하동 784,충청북도 청주시 흥덕구 비하로18번길 10,43,43113,43113138,14184987.97256,4387493.44245,127.42591502576013,36.62881167140203
236189,509010,2025,미니스톱청주강내점,편의점,,충청북도 청주시 흥덕구 강내면 월곡리 137-8,충청북도 청주시 흥덕구 강내면 월곡길 23-11,43,43113,43113310,14178802.09172,4386563.12342,127.37034631270926,36.6221045814278
236191,509010,2025,씨유오창동틀머리점,편의점,,충청북도 청주시 청원구 오창읍 구룡리 416-5,충청북도 청주시 청원구 오창읍 구룡6길 5,43,43114,43114253,14183822.55066,4398959.25344,127.4154458627065,36.7114259433803
236193,509010,2025,이마트24산남,편의점,,충청북도 청주시 서원구 산남동 1133,충청북도 청주시 서원구 탑골로37번길 1,43,43112,43112104,14190578.36147,4384871.76799,127.47613434378738,36.60990934140914
236194,509010,2025,씨유청주개신,편의점,,충청북도 청주시 서원구 개신동 439-2,충청북도 청주시 서원구 모충로 40,43,43112,43112109,14189735.4524,4386992.74382,127.4685623627793,36.62520198141571
236195,509010,2025,세븐일레븐청주IC점,편의점,,충청북도 청주시 흥덕구 강내면 월곡리 150-75,충청북도 청주시 흥덕구 강내면 가로수로 654,43,43113,43113310,14178997.28566,4386774.2622,127.37209976970621,36.623626827430634
236196,509010,2025,씨유청주비하,편의점,,충청북도 청주시 흥덕구 비하동 362,충청북도 청주시 흥덕구 2순환로1050번길 24,43,43113,43113138,14184344.96535,4389173.0984,127.4201387937139,36.64091959141324
236197,509010,2025,세븐일레븐청원오창미래점,편의점,,충청북도 청주시 청원구 오창읍 양청리 772-2,충청북도 청주시 청원구 오창읍 양청1길 100,43,43114,43114253,14185040.21034,4400370.509,127.42638428572202,36.721588290429956
236198,509010,2025,GS25봉명,편의점,,충청북도 청주시 흥덕구 봉명동 1061,충청북도 청주시 흥덕구 봉명로 172,43,43113,43113115,14188863.41937,4389001.32881,127.46072875678712,36.63968146538219
236200,509010,2025,이마트24사창대로점,편의점,,충청북도 청주시 서원구 사창동 185-1,충청북도 청주시 서원구 1순환로 635,43,43112,43112102,14188753.75141,4388621.30712,127.45974359274054,36.63694217437646
236201,509010,2025,GS25금천현대점,편의점,,충청북도 청주시 상당구 금천동 270,충청북도 청주시 상당구 수영로 312,43,43111,43111120,14194074.01968,4387922.68533,127.50753637577277,36.63190608037869
236202,509010,2025,세븐일레븐충북대포커스점,편의점,,충청북도 청주시 흥덕구 복대동 1699,충청북도 청주시 흥덕구 성봉로 277,43,43113,43113114,14187660.91005,4387645.24615,127.4499264317711,36.62990603743477
236203,509010,2025,이마트24,편의점,,충청북도 청주시 흥덕구 봉명동 1464,충청북도 청주시 흥덕구 과상미로 55,43,43113,43113115,14188980.39055,4389843.32413,127.46177952677525,36.645750430411105
236204,509010,2025,GS25청주경덕점,편의점,,충청북도 청주시 흥덕구 가경동 1498-2,충청북도 청주시 흥덕구 풍년로85번길 3,43,43113,43113113,14186188.27441,4386359.4749,127.43669752073576,36.6206363094278
236205,509010,2025,이마트24청주우암,편의점,,충청북도 청주시 청원구 우암동 344-5,충청북도 청주시 청원구 향군로15번길 12-1,43,43114,43114101,14191789.41901,4390077.38699,127.4870134587702,36.64743743241781
236206,509010,2025,씨유청주복대,편의점,,충청북도 청주시 흥덕구 복대동 11-14,충청북도 청주시 흥덕구 복대로199번길 18-1,43,43113,43113114,14186509.4966,4388278.24096,127.43958310876492,36.634469184385914
236207,509010,2025,씨유청주마로니에점,편의점,,충청북도 청주시 청원구 주중동 1049,충청북도 청주시 청원구 주성로233번길 8-36,43,43114,43114106,14192584.04113,4393371.72242,127.49415167072614,36.67117734941233
236210,509010,2025,세븐일레븐청주북이대율점,편의점,,충청북도 청주시 청원구 북이면 대율리 319-11,충청북도 청주시 청원구 북이면 신대석성로 231,43,43114,43114310,14195584.60802,4403735.5314,127.52110622171298,36.745814143397716
236211,509010,2025,씨유청주,편의점,,충청북도 청주시 흥덕구 봉명동 2406,충청북도 청주시 흥덕구 덕암로47번길 46,43,43113,43113115,14188739.33787,4391146.21006,127.4596141137077,36.65514047739238
236212,509010,2025,지에스25오창타운점,편의점,,충청북도 청주시 청원구 오창읍 구룡리 417-2,충청북도 청주시 청원구 오창읍 구룡6길 72-7,43,43114,43114253,14183912.65143,4398970.09662,127.41625525169464,36.71150402944326
236215,509010,2025,지에스25청주용정점,편의점,,충청북도 청주시 상당구 용정동 690,충청북도 청주시 상당구 영운천로153번길 27,43,43111,43111125,14194627.937,4386785.96947,127.51251229972041,36.62371123238568
236221,509010,2025,지에스25청주태성,편의점,,충청북도 청주시 흥덕구 강내면 태성리 317-5,충청북도 청주시 흥덕구 강내면 서부로 261,43,43113,43113310,14176353.51555,4381726.90253,127.34835037872779,36.58722867941978
236223,509010,2025,씨유충북대중,편의점,,충청북도 청주시 서원구 사창동 514,충청북도 청주시 서원구 1순환로704번길 30,43,43112,43112102,14188797.70257,4387854.28961,127.46013841272843,36.63141302442445
236225,509010,2025,토드편의점,편의점,,충청북도 청주시 서원구 산남동 650,충청북도 청주시 서원구 산남로 48,43,43112,43112104,14189773.05824,4385082.35318,127.46890018178777,36.61142783639706
236228,509010,2025,지에스25청원미원점,편의점,,충청북도 청주시 상당구 미원면 미원리 305-2,충청북도 청주시 상당구 미원면 단재로 2468-1,43,43111,43111320,14210811.43288,4388466.02254,127.65789111673551,36.63582281641142
236232,509010,2025,씨유청주봉명우정점,편의점,,충청북도 청주시 흥덕구 봉명동 819-3,충청북도 청주시 흥덕구 봉명로205번길 33,43,43113,43113115,14189258.04651,4389230.13819,127.46427375270154,36.6413307334135
236233,509010,2025,GS율량,편의점,,충청북도 청주시 청원구 율량동 992,충청북도 청주시 청원구 충청대로107번길 47,43,43114,43114103,14192188.03652,4392688.35166,127.4905943007882,36.6662533874023
236234,509010,2025,지에스25청주북문로점,편의점,,충청북도 청주시 상당구 북문로2가 116-20,충청북도 청주시 상당구 우암산로 2,43,43111,43111103,14192160.91052,4388922.19101,127.49035062378421,36.63911102843595
236235,509010,2025,CU청주,편의점,,충청북도 청주시 상당구 대성동 1,충청북도 청주시 상당구 용담로 102,43,43111,43111118,14193443.85674,4388106.32956,127.5018755257671,36.63322993242085
236236,509010,2025,씨유청주강서원룸점,편의점,,충청북도 청주시 흥덕구 가경동 1771,충청북도 청주시 흥덕구 서현서로29번길 32,43,43113,43113113,14185011.27206,4386084.94226,127.42612432872977,36.618656930437545
236238,509010,2025,이마트24청주스마일점,편의점,,충청북도 청주시 서원구 사창동 148-1,충청북도 청주시 서원구 1순환로 650,43,43112,43112102,14188745.8642,4388429.7624,127.4596727407276,36.63556143540241
236239,509010,2025,씨유청주우암,편의점,,충청북도 청주시 청원구 우암동 397-21,충청북도 청주시 청원구 교서로150번길 1,43,43114,43114101,14191188.8567,4390353.89601,127.48161851574804,36.64943031641252
236244,509010,2025,진흥컨설팅,편의점,,충청북도 청주시 흥덕구 오송읍 오송리 176-1,충청북도 청주시 흥덕구 오송읍 오송2길 35,43,43113,43113250,14173697.27131,4385332.92874,127.324488930733,36.61323465637514
236247,509010,2025,이마트24청주석실리점,편의점,,충청북도 청주시 서원구 남이면 석실리 237-4,충청북도 청주시 서원구 남이면 남석로 407-2,43,43112,43112310,14185251.81255,4382342.25686,127.42828514071626,36.59166711843095
236248,509010,2025,씨유청주비하타운점,편의점,,충청북도 청주시 흥덕구 비하동 136-10,충청북도 청주시 흥덕구 비하로35번길 35,43,43113,43113138,14184637.08072,4387693.78465,127.42276291073024,36.63025595241005
236249,509010,2025,세븐일레븐청주용정원룸점,편의점,,충청북도 청주시 상당구 용정동 811,충청북도 청주시 상당구 호미로201번길 37,43,43111,43111125,14194816.12138,4386972.48272,127.5142027887685,36.625055909372875
236250,509010,2025,세븐일레븐청주봉명,편의점,,충청북도 청주시 흥덕구 봉명동 170-4,충청북도 청주시 흥덕구 1순환로570번길 46,43,43113,43113115,14188701.23778,4389425.87396,127.45927185477593,36.642741577392535
236251,509010,2025,씨유오송2지구점,편의점,,충청북도 청주시 흥덕구 오송읍 봉산리 994,충청북도 청주시 흥덕구 오송읍 오송생명11로 48,43,43113,43113250,14172762.96805,4386160.52704,127.31609594174721,36.61920190140111
236252,509010,2025,씨유청주남일단재로점,편의점,,충청북도 청주시 상당구 남일면 효촌리 187-1,충청북도 청주시 상당구 남일면 단재로 497,43,43111,43111340,14194217.5203,4381669.40517,127.50882546377521,36.58681394836668
236253,509010,2025,씨유오송2지구점,편의점,,충청북도 청주시 흥덕구 오송읍 봉산리 994,충청북도 청주시 흥덕구 오송읍 오송생명11로 48,43,43113,43113250,14172762.96805,4386160.52704,127.31609594174721,36.61920190140111
236254,509010,2025,지에스25청주어울림점,편의점,,충청북도 청주시 흥덕구 복대동 3315,충청북도 청주시 흥덕구 대신로73번길 19,43,43113,43113114,14185920.25359,4388972.17798,127.43428984874474,36.639471342387125
236255,509010,2025,지에스25금천뉴타운점,편의점,,충청북도 청주시 상당구 금천동 77-15,충청북도 청주시 상당구 영운천로127번길 39,43,43111,43111120,14194368.71855,4386622.11857,127.51018370076447,36.622529921435124
236256,509010,2025,이마트24청주,편의점,,충청북도 청주시 흥덕구 송절동 609,충청북도 청주시 흥덕구 송화로130번길 2,43,43113,43113134,14187432.76197,4392457.37628,127.44787694269776,36.66458904537119
236258,509010,2025,씨유청주동남파크점,편의점,,충청북도 청주시 상당구 용암동 3364,충청북도 청주시 상당구 동남로109번길 18-12,43,43111,43111129,14195196.92933,4384357.1109,127.51762364478697,36.6061981083968
236262,509010,2025,용암부동산컨설팅,편의점,,충청북도 청주시 상당구 용암동 3589,충청북도 청주시 상당구 동남로83번길 2,43,43111,43111129,14194817.74119,4384064.28382,127.5142173397693,36.60408642943586
236263,509010,2025,지에스25개신,편의점,,충청북도 청주시 서원구 개신동 447-52,충청북도 청주시 서원구 모충로26번길 7,43,43112,43112109,14189578.55192,4386896.75336,127.4671529017864,36.62450993743758
236264,509010,2025,GS25분평푸른점,편의점,,충청북도 청주시 서원구 분평동 1200-1,충청북도 청주시 서원구 1순환로1137번길 128,43,43112,43112106,14192457.6039,4385169.8745,127.49301586576408,36.61205892936956
236265,509010,2025,CU현대오일뱅크그랜드점,편의점,,충청북도 청주시 청원구 오창읍 용두리 73-3,충청북도 청주시 청원구 오창읍 꽃화산1길 126-33,43,43114,43114253,14181504.88554,4401279.04107,127.39462592269592,36.72812985143671
236274,509010,2025,우분투컨설팅,편의점,,충청북도 청주시 흥덕구 오송읍 봉산리 1003,충청북도 청주시 흥덕구 오송읍 오송생명8로 175,43,43113,43113250,14172986.7888,4386123.39359,127.31810655775378,36.618934167399104
236275,509010,2025,코리아세븐청주뉴,편의점,,충청북도 청주시 흥덕구 가경동 1395,충청북도 청주시 흥덕구 풍산로25번길 12,43,43113,43113113,14185794.12538,4387228.86943,127.43315681975656,36.6269043044213
236278,509010,2025,지에스25청주,편의점,,충청북도 청주시 흥덕구 복대동 288-62,충청북도 청주시 흥덕구 진재로 141,43,43113,43113114,14185555.88486,4389555.59471,127.43101666875214,36.64367657743028
236280,509010,2025,씨유청주예대점,편의점,,충청북도 청주시 청원구 내덕동 148-5,충청북도 청주시 청원구 안덕벌로86번길 22,43,43114,43114102,14192855.472,4391621.85475,127.4965899757175,36.6585682174233
236282,509010,2025,씨유청주성모,편의점,,충청북도 청주시 청원구 주중동 589-5,충청북도 청주시 청원구 주성로 173-19,43,43114,43114106,14191663.24816,4393781.0609,127.48588004674039,36.67412664741232
236284,509010,2025,세븐청주가경웰빙점,편의점,,충청북도 청주시 흥덕구 가경동 1479-17,충청북도 청주시 흥덕구 풍년로108번길 3,43,43113,43113113,14186081.67665,4386636.19317,127.43573993676502,36.62263139537003
236285,509010,2025,세븐일레븐청주방서,편의점,,충청북도 청주시 상당구 방서동 672,충청북도 청주시 상당구 1순환로 1204-4,43,43111,43111126,14193263.31489,4384199.26029,127.50025369073408,36.60505979936829
236290,509010,2025,이마트24충북,편의점,,충청북도 청주시 청원구 오창읍 각리 649-4,충청북도 청주시 청원구 오창읍 오창중앙로 123-12,43,43114,43114253,14183895.55365,4398625.61184,127.41610165972361,36.70902321839038
236292,509010,2025,세븐일레븐청원오송생명점,편의점,,충청북도 청주시 흥덕구 오송읍 연제리 826,충청북도 청주시 흥덕구 오송읍 오송생명3로 149,43,43113,43113250,14173753.38657,4386947.3617,127.32499302269035,36.62487479943817
236294,509010,2025,씨유청주율량타운점,편의점,,충청북도 청주시 청원구 율량동 1389,충청북도 청주시 청원구 사뜸로36번길 19,43,43114,43114103,14191355.84451,4392696.39176,127.48311859276811,36.66631132139788
236295,509010,2025,씨유청주용암,편의점,,충청북도 청주시 상당구 용암동 2555,충청북도 청주시 상당구 용암북로120번길 21-1,43,43111,43111124,14194581.70758,4386244.2017,127.51209701377472,36.619805196409715
236298,509010,2025,GS25청주,편의점,,충청북도 청주시 상당구 석교동 4-3,충청북도 청주시 상당구 영운로 140,43,43111,43111111,14192667.33227,4387372.95563,127.49489988776719,36.62794306040995
236301,509010,2025,씨유청주분평타운점,편의점,,충청북도 청주시 서원구 분평동 299-3,충청북도 청주시 서원구 매봉로12번길 53,43,43112,43112106,14191060.84318,4385093.53883,127.48046855073201,36.61150849343356
236652,509010,2025,씨유청주분평,편의점,,충청북도 청주시 서원구 분평동 1200-2,충청북도 청주시 서원구 월평로 87,43,43112,43112106,14192633.74952,4385130.95022,127.49459820879107,36.611778257371526
236653,509010,2025,이마트24증평IC점,편의점,,충청북도 청주시 청원구 오창읍 여천리 211-5,충청북도 청주시 청원구 오창읍 중부로 1642,43,43114,43114253,14193483.27419,4406712.69467,127.5022296187451,36.76724130241926
236654,509010,2025,씨유청주율량,편의점,,충청북도 청주시 청원구 율량동 1282,충청북도 청주시 청원구 율봉로 95,43,43114,43114103,14190986.38113,4392748.76442,127.47979964675588,36.66668869840461
236655,509010,2025,GS25청주,편의점,,충청북도 청주시 서원구 사창동 366-17,충청북도 청주시 서원구 창직로12번길 3,43,43112,43112102,14189129.3771,4387761.6138,127.46311789572535,36.630744931388854
236656,509010,2025,세븐청주가경점주,편의점,,충청북도 청주시 흥덕구 가경동 1458-9,충청북도 청주시 흥덕구 경산로 19,43,43113,43113113,14185934.29276,4386800.72617,127.43441596475463,36.623817622437265
236657,509010,2025,씨유청주남일효촌점,편의점,,충청북도 청주시 상당구 남일면 효촌리 89-2,충청북도 청주시 상당구 남일면 단재로 464,43,43111,43111340,14193979.68364,4382050.72701,127.5066889407069,36.589564398393755
236658,509010,2025,지민산업,편의점,,충청북도 청주시 흥덕구 화계동 198,충청북도 청주시 흥덕구 엘지로 28,43,43113,43113136,14186190.66121,4391858.36589,127.43671896172496,36.66027258141203
236660,509010,2025,썬마트,편의점,,충청북도 청주시 흥덕구 복대동 2719,충청북도 청주시 흥덕구 진재로23번길 25,43,43113,43113114,14185234.29042,4388015.54134,127.42812773674433,36.63257546237071
236663,509010,2025,씨유청주봉명,편의점,,충청북도 청주시 흥덕구 봉명동 691,충청북도 청주시 흥덕구 1순환로549번길 75,43,43113,43113115,14189586.04372,4389532.98226,127.46722020177084,36.643513592436356
236664,509010,2025,지에스25율량3지구점,편의점,,충청북도 청주시 청원구 율량동 2042,충청북도 청주시 청원구 율량로190번길 25,43,43114,43114103,14192929.80971,4392605.57647,127.4972577627284,36.665656937373285
236665,509010,2025,이마트24청주아이웰점,편의점,,충청북도 청주시 청원구 주성동 349,충청북도 청주시 청원구 주성로 273,43,43114,43114105,14192862.0934,4393295.20545,127.49664945676575,36.67062602943867
236666,509010,2025,대운슈퍼,편의점,,충청북도 청주시 흥덕구 복대동 2201-12,충청북도 청주시 흥덕구 신율로90번길 29,43,43113,43113114,14187477.99376,4387242.17555,127.44828326678068,36.62700023238927
236667,509010,2025,씨유청주사직3구역점,편의점,,충청북도 청주시 서원구 사직동 221-9,충청북도 청주시 서원구 대원로31번길 5,43,43112,43112101,14190976.61151,4389086.42276,127.4797118847662,36.64029483042431
236668,509010,2025,무인플러스마트,편의점,,충청북도 청주시 상당구 용암동 2108-1,충청북도 청주시 상당구 원봉로 62,43,43111,43111124,14194150.24692,4385549.37674,127.50822113672044,36.61479535938743
236669,509010,2025,씨유청주문화,편의점,,충청북도 청주시 상당구 문화동 101-6,충청북도 청주시 상당구 상당로 64,43,43111,43111107,14192220.31817,4388205.66091,127.49088429178416,36.63394598143565
236671,509010,2025,스타에이치CVS,편의점,,충청북도 청주시 흥덕구 복대동 265-12,충청북도 청주시 흥덕구 공단로 100,43,43113,43113116,14186484.76942,4389142.85568,127.4393609807276,36.64070160142468
236673,509010,2025,세븐일레븐청주수곡로즈웰점,편의점,,충청북도 청주시 서원구 수곡동 231-2,충청북도 청주시 서원구 매봉로60번길 20,43,43112,43112107,14190942.42752,4385627.44429,127.47940480475926,36.61535825940352
236674,509010,2025,세븐일레븐청주가경웰빙점,편의점,,충청북도 청주시 흥덕구 가경동 1479-17,충청북도 청주시 흥덕구 풍년로108번길 3,43,43113,43113113,14186081.67665,4386636.19317,127.43573993676502,36.62263139537003
236677,509010,2025,세븐일레븐청주용암,편의점,,충청북도 청주시 상당구 용암동 2433,충청북도 청주시 상당구 중흥로 142,43,43111,43111124,14194338.09188,4385788.63762,127.50990857670679,36.61652051840857
236680,509010,2025,세븐일레븐오창쌍용예가점,편의점,,충청북도 청주시 청원구 오창읍 각리 647-1,충청북도 청주시 청원구 오창읍 오창중앙로 101,43,43114,43114253,14184193.179,4398488.15491,127.41877527373246,36.70803329839309
236681,509010,2025,세븐청주금천광장점,편의점,,충청북도 청주시 상당구 금천동 290,충청북도 청주시 상당구 산성로92번길 27,43,43111,43111120,14193784.28421,4387758.91841,127.50493363776188,36.63072550043573
236684,509010,2025,지에스25청주강서타운점,편의점,,충청북도 청주시 흥덕구 강서동 510,충청북도 청주시 흥덕구 서현중로 56-1,43,43113,43113117,14185296.08175,4386740.65536,127.42868281770608,36.62338453440833
236688,509010,2025,지에스25분평현대점,편의점,,충청북도 청주시 서원구 분평동 1249,충청북도 청주시 서원구 월평로 28,43,43112,43112106,14191905.55841,4384996.65691,127.48805675675143,36.610809898370704
236691,509010,2025,세븐일레븐청주오송공단점,편의점,,충청북도 청주시 흥덕구 오송읍 연제리,충청북도 청주시 흥덕구 오송읍 오송생명11로 218,43,43113,43113250,14171377.88608,4387469.32406,127.3036535387114,36.62863779840713
236692,509010,2025,씨유청주율량KT점,편의점,,충청북도 청주시 청원구 율량동 807,충청북도 청주시 청원구 공항로150번길 72,43,43114,43114103,14191879.69366,4393286.35257,127.48782440974895,36.67056224242416
236693,509010,2025,나눔의쉼터,편의점,,충청북도 청주시 서원구 현도면 죽전리 355-1,충청북도 청주시 서원구 현도면 죽전1길 71,43,43112,43112320,14184346.143,4369250.37205,127.42014937272386,36.49718269636188
236694,509010,2025,이마트24충청대학교점,편의점,,충청북도 청주시 흥덕구 강내면 월곡리 330,충청북도 청주시 흥덕구 강내면 월곡길 38,43,43113,43113310,14178445.22103,4386477.19655,127.36714048875601,36.62148506637938
236699,509010,2025,씨유청주우암대한,편의점,,충청북도 청주시 청원구 우암동 400-6,충청북도 청주시 청원구 우암로 2,43,43114,43114101,14191060.50032,4390589.72028,127.48046547076821,36.65112993238263
236701,509010,2025,지에스25수곡대로점,편의점,,충청북도 청주시 서원구 수곡동 656,충청북도 청주시 서원구 수곡로 109,43,43112,43112107,14189934.00195,4386387.80888,127.47034596373373,36.62084059439165
236703,509010,2025,지에스청주베스트점,편의점,,충청북도 청주시 흥덕구 봉명동 894,충청북도 청주시 흥덕구 봉명로177번길 33,43,43113,43113115,14188990.50548,4389234.42164,127.46187039073742,36.641361608371966
236704,509010,2025,세븐일레븐청주남일효촌점,편의점,,충청북도 청주시 상당구 남일면 효촌리 202-23,충청북도 청주시 상당구 남일면 효촌송암1길 24,43,43111,43111340,14194401.65142,4381882.67893,127.5104795417692,36.5883522904274
236707,509010,2025,오름,편의점,,충청북도 청주시 상당구 산성동 150-3,충청북도 청주시 상당구 성내로 128,43,43111,43111123,14197869.33003,4392365.03164,127.54163022873132,36.663923626434084
236708,509010,2025,씨유청주수곡케이점,편의점,,충청북도 청주시 서원구 수곡동 80-24,충청북도 청주시 서원구 구룡산로 389,43,43112,43112107,14191860.58522,4386040.33526,127.48765275571185,36.61833530938636
236712,509010,2025,세븐일레븐청주삼성SDI점,편의점,,충청북도 청주시 청원구 오창읍 구룡리 441-1,충청북도 청주시 청원구 오창읍 과학산업4로 146,43,43114,43114253,14183253.88696,4398145.68932,127.41033746977344,36.70556691739803
236714,509010,2025,씨유청주,편의점,,충청북도 청주시 흥덕구 봉명동 2447-1,충청북도 청주시 흥덕구 월명로236번길 32,43,43113,43113115,14188330.87805,4391213.95012,127.45594485671467,36.65562865639033
236719,509010,2025,이마트24R청주분평주공점,편의점,,충청북도 청주시 서원구 분평동 1202-1,충청북도 청주시 서원구 1순환로1137번길 123,43,43112,43112106,14192413.44724,4385126.96242,127.4926191997383,36.61174950241345
236720,509010,2025,씨유청주영운늘푸른점,편의점,,충청북도 청주시 상당구 영운동 84-9,충청북도 청주시 상당구 수영로156번길 10,43,43111,43111119,14193479.27515,4386054.18151,127.50219369475755,36.618435142414484
236722,509010,2025,지에스25복대주은점,편의점,,충청북도 청주시 흥덕구 복대동 221-35,충청북도 청주시 흥덕구 죽천로 141,43,43113,43113114,14186389.58458,4388778.05562,127.4385059207616,36.638072068412605
236724,509010,2025,지에스25충북대으뜸점,편의점,,충청북도 청주시 서원구 사창동 154-7,충청북도 청주시 서원구 내수동로 103,43,43112,43112102,14188629.02616,4388203.03046,127.45862316675647,36.63392701942003
236725,509010,2025,이마트24청주죽림주공점,편의점,,충청북도 청주시 서원구 죽림동 295,충청북도 청주시 서원구 대림로 491,43,43112,43112110,14187034.02369,4385407.23993,127.44429501578438,36.61377048238797
236726,509010,2025,지에스25청주2캠퍼스점,편의점,,충청북도 청주시 흥덕구 향정동 125,충청북도 청주시 흥덕구 2순환로 959,43,43113,43113137,14184987.22249,4390564.14327,127.42590828776667,36.65094559738194
236727,509010,2025,씨유청주미원,편의점,,충청북도 청주시 상당구 미원면 미원리 559-11,충청북도 청주시 상당구 미원면 미원초정로 2,43,43111,43111320,14210856.27883,4388554.41669,127.65829397475873,36.6364600014138
236732,509010,2025,세븐일레븐청주남일쌍수점,편의점,,충청북도 청주시 상당구 남일면 쌍수리 319-5,충청북도 청주시 상당구 남일면 단재로 604,43,43111,43111340,14194409.56456,4380350.87211,127.5105506267153,36.57730269841445
236734,509010,2025,씨유청주파모스라움점,편의점,,충청북도 청주시 상당구 금천동 139-29,충청북도 청주시 상당구 수영로196번길 12-25,43,43111,43111120,14193622.45528,4386389.78589,127.50347990374935,36.620854848402
236735,509010,2025,세븐일레븐청주장암,편의점,,충청북도 청주시 서원구 장암동 270,충청북도 청주시 서원구 가장로 326,43,43112,43112112,14192121.70413,4381743.05082,127.48999842679042,36.587345157363664
236736,509010,2025,지에스25충청대정문,편의점,,충청북도 청주시 흥덕구 강내면 월곡리 307-5,충청북도 청주시 흥덕구 강내면 월곡길 37,43,43113,43113310,14178666.40217,4386415.56928,127.36912739274248,36.62104074338008
236738,509010,2025,미니스톱청주,편의점,,충청북도 청주시 서원구 분평동 249-26,충청북도 청주시 서원구 안뜸로 56,43,43112,43112106,14191404.41843,4385171.43108,127.48355493971563,36.612070153407416
236739,509010,2025,씨유청주교대생활관점,편의점,,충청북도 청주시 서원구 수곡동 135,충청북도 청주시 서원구 청남로 2065,43,43112,43112107,14191425.78421,4385540.22794,127.48374687178296,36.614729392405394
236743,509010,2025,제이에스이디자인,편의점,,충청북도 청주시 상당구 용암동 3383,충청북도 청주시 상당구 동남로109번길 17-9,43,43111,43111129,14194978.00775,4384237.47729,127.51565703877331,36.60533539538548
236745,509010,2025,GS25청주,편의점,,충청북도 청주시 흥덕구 비하동 758,충청북도 청주시 흥덕구 2순환로1168번길 27,43,43113,43113138,14184889.40427,4387706.13102,127.42502957174565,36.630344957374156
236746,509010,2025,세븐청주서문점주,편의점,,충청북도 청주시 상당구 서문동 227-1,충청북도 청주시 상당구 무심동로392번길 4,43,43111,43111109,14191562.21259,4388419.17616,127.48497242877255,36.63548512438548
236747,509010,2025,씨유파워로직스점,편의점,,충청북도 청주시 흥덕구 옥산면 남촌리 1108-1,충청북도 청주시 흥덕구 옥산면 과학산업4로 163,43,43113,43113320,14182871.74785,4398156.60026,127.40690465574124,36.705645497418665
236748,509010,2025,아이지에이,편의점,,충청북도 청주시 흥덕구 복대동 3042,충청북도 청주시 흥덕구 죽천로 100,43,43113,43113114,14185878.46971,4388718.59645,127.43391449776435,36.63764346937779
236751,509010,2025,미니스톱청주청석점,편의점,,충청북도 청주시 상당구 용암동 2186,충청북도 청주시 상당구 원봉로 84,43,43111,43111124,14194002.11007,4385759.39777,127.5068904007553,36.61630969039669
236753,509010,2025,GS25율량주공,편의점,,충청북도 청주시 청원구 율량동 2373,충청북도 청주시 청원구 율중로79번길 30,43,43114,43114103,14194294.99855,4391852.55519,127.50952146273691,36.660230708370065
236757,509010,2025,지에스25옥산,편의점,,충청북도 청주시 흥덕구 옥산면 오산리 589-5,충청북도 청주시 흥덕구 옥산면 오송가락로 752,43,43113,43113320,14178635.0064,4391712.98333,127.36884535974197,36.659224919373855
236758,509010,2025,지에스25청원내수로점,편의점,,충청북도 청주시 청원구 내수읍 내수리 36-6,충청북도 청주시 청원구 내수읍 내수로 719,43,43114,43114250,14197167.26027,4400992.0298,127.53532342877118,36.72606338940054
236760,509010,2025,GS25현도,편의점,,충청북도 청주시 서원구 현도면 선동리 502-5,충청북도 청주시 서원구 현도면 청남로 355,43,43112,43112320,14184713.34392,4367813.9444,127.4234479947121,36.48680893736877
236766,509010,2025,지에스25오송봉산타운점,편의점,,충청북도 청주시 흥덕구 오송읍 봉산리 933,충청북도 청주시 흥덕구 오송읍 봉산3길 20-2,43,43113,43113250,14172940.84635,4386748.87019,127.31769384970346,36.62344376039779
236769,509010,2025,세븐일레븐청주흥덕,편의점,,충청북도 청주시 서원구 사직동 143-17,충청북도 청주시 서원구 사운로172번길 3,43,43112,43112101,14190929.92244,4389655.53653,127.47929246971431,36.64439692942771
236772,509010,2025,세븐오창중앙점주,편의점,,충청북도 청주시 청원구 오창읍 양청리 821-4,충청북도 청주시 청원구 오창읍 중심상업로 7,43,43114,43114253,14185296.08632,4398951.04241,127.42868285875907,36.71136681242627
236775,509010,2025,7-ELEVEN,편의점,,충청북도 청주시 흥덕구 복대동 3379,충청북도 청주시 흥덕구 대농로 43,43,43113,43113114,14185048.47103,4389509.73554,127.42645849276288,36.643346035420294
236776,509010,2025,세븐청주복대대원점,편의점,,충청북도 청주시 흥덕구 복대동 221-7,충청북도 청주시 흥덕구 죽천로146번길 3,43,43113,43113114,14186456.78626,4388712.31732,127.4391096037243,36.63759820743866
236777,509010,2025,세븐일레븐청주운천금강점,편의점,,충청북도 청주시 흥덕구 운천동 788,충청북도 청주시 흥덕구 사운로 223,43,43113,43113104,14190535.77597,4390172.45532,127.47575179173201,36.648122624393835
236778,509010,2025,GS25분평주공점,편의점,,충청북도 청주시 서원구 분평동 1421,충청북도 청주시 서원구 분평로6번길 22-1,43,43112,43112106,14191658.37916,4384540.36219,127.48583630776919,36.60751956842647
237787,509010,2025,지에스25정하,편의점,,충청북도 청주시 청원구 정하동 84-6,충청북도 청주시 청원구 토성로 140,43,43114,43114108,14189109.88216,4394500.47948,127.46294276969968,36.679309809388826
237850,509010,2025,그랜드주유소/씨유에스케이그랜드점,편의점,,충청북도 청주시 청원구 오창읍 용두리 73-3,충청북도 청주시 청원구 오창읍 꽃화산1길 126-33,43,43114,43114253,14181504.88554,4401279.04107,127.39462592269592,36.72812985143671
237852,509010,2025,세븐성화원룸단지점,편의점,,충청북도 청주시 서원구 성화동 597,충청북도 청주시 서원구 신성화로 46,43,43112,43112108,14188602.41991,4386117.81611,127.45838415874617,36.61889395341349
237853,509010,2025,이마트24청주,편의점,,충청북도 청주시 서원구 산남동 671,충청북도 청주시 서원구 두꺼비로 91,43,43112,43112104,14189232.91736,4385225.0239,127.46404801370628,36.61245659437993
237856,509010,2025,씨유오창,편의점,,충청북도 청주시 청원구 오창읍 양청리 797-1,충청북도 청주시 청원구 오창읍 중심상업2로 9-38,43,43114,43114253,14185500.02529,4399473.31695,127.4305148736971,36.7151278324005
237857,509010,2025,씨유충북대생활관,편의점,,충청북도 청주시 서원구 개신동 12,충청북도 청주시 서원구 충대로 1,43,43112,43112102,14188693.94724,4387874.71009,127.45920636274082,36.63156023337037
237859,509010,2025,씨유청주용정,편의점,,충청북도 청주시 상당구 용정동 720,충청북도 청주시 상당구 영운천로153번길 12,43,43111,43111125,14194729.26524,4386712.58952,127.51342254678757,36.62318218938542
237860,509010,2025,씨유오창구룡공원점,편의점,,충청북도 청주시 청원구 오창읍 구룡리 432-1,충청북도 청주시 청원구 오창읍 구룡택지로 15-1,43,43114,43114253,14183590.43027,4398662.97693,127.41336068976527,36.709292307382704
237865,509010,2025,지에스25청주가로수점,편의점,,충청북도 청주시 흥덕구 강서동 462,충청북도 청주시 흥덕구 가로수로1164번길 41-31,43,43113,43113117,14185231.01106,4387128.33887,127.42809827775223,36.626179544409936
237868,509010,2025,씨유청주오송생명,편의점,,충청북도 청주시 흥덕구 오송읍 쌍청리 319-3,충청북도 청주시 흥덕구 오송읍 오송가락로 376,43,43113,43113250,14175646.46457,4388595.16618,127.34199883170704,36.636753740388826
237870,509010,2025,옥산회장님댁,편의점,,충청북도 청주시 흥덕구 옥산면 오산리 263-3,충청북도 청주시 흥덕구 옥산면 오산5길 35,43,43113,43113320,14178520.94789,4392381.45788,127.36782075471366,36.664041991398264
237872,509010,2025,세븐청주에스테이트점,편의점,,충청북도 청주시 흥덕구 복대동 288-66,충청북도 청주시 흥덕구 진재로 131,43,43113,43113114,14185551.70147,4389444.19668,127.43097908872036,36.64287364441483
237873,509010,2025,지에스25효성,편의점,,충청북도 청주시 상당구 금천동 166-6,충청북도 청주시 상당구 단재로57번길 9,43,43111,43111120,14192684.17279,4386820.88499,127.49505116873229,36.62396295942974
237875,509010,2025,씨유청주내덕신화점,편의점,,충청북도 청주시 청원구 내덕동 520-2,충청북도 청주시 청원구 1순환로211번길 15,43,43114,43114102,14192048.36618,4392335.58811,127.48933962077643,36.66371146042066
237876,509010,2025,씨유청주율량,편의점,,충청북도 청주시 청원구 율량동 890,충청북도 청주시 청원구 율봉로 161,43,43114,43114103,14191767.20131,4393025.83361,127.48681387377529,36.66868512037448
237877,509010,2025,지에스25서원트릴로채점,편의점,,충청북도 청주시 서원구 모충동 265-22,충청북도 청주시 서원구 쌍샘로 23-2,43,43112,43112103,14191156.2294,4387168.69967,127.48132541972531,36.62647052036971
237882,509010,2025,세븐일레븐청주주공,편의점,,충청북도 청주시 흥덕구 가경동 1550,충청북도 청주시 흥덕구 가경로 28,43,43113,43113113,14186912.88604,4386039.36621,127.44320681775945,36.61832832242145
237884,509010,2025,미니스톱,편의점,,충청북도 청주시 상당구 금천동 199-3,충청북도 청주시 상당구 산성로 68,43,43111,43111120,14193487.67142,4387554.98091,127.50226911973428,36.629255309367764
237886,509010,2025,이마트24청주강내한빛점,편의점,,충청북도 청주시 흥덕구 강내면 탑연리 322-1,충청북도 청주시 흥덕구 강내면 태성탑연로 391-36,43,43113,43113310,14177000.22068,4386066.90102,127.35415982975456,36.618526851405875
237890,509010,2025,세븐일레븐청주율량한마음점,편의점,,충청북도 청주시 청원구 율량동 753,충청북도 청주시 청원구 율봉로159번길 60,43,43114,43114103,14191619.82376,4393334.2669,127.48548995871809,36.67090747544143
237891,509010,2025,씨유청주에스테이트점,편의점,,충청북도 청주시 흥덕구 복대동 288-66,충청북도 청주시 흥덕구 진재로 131,43,43113,43113114,14185551.70147,4389444.19668,127.43097908872036,36.64287364441483
237893,509010,2025,씨유남청주IC점,편의점,,충청북도 청주시 서원구 남이면 부용외천리 625,충청북도 청주시 서원구 남이면 청남로 930,43,43112,43112310,14185160.88735,4374584.38898,127.42746834574743,36.535692354361046
237894,509010,2025,세븐청주주성센터점,편의점,,충청북도 청주시 청원구 주성동 361,충청북도 청주시 청원구 주성로279번길 22,43,43114,43114105,14192965.64568,4393394.29387,127.49757968272415,36.671339980440344
237895,509010,2025,세븐청주사직중앙점,편의점,,충청북도 청주시 서원구 사직동 644-27,충청북도 청주시 서원구 충렬로 45,43,43112,43112101,14190459.5691,4388018.47402,127.47506721377115,36.63259660342969
237896,509010,2025,25내덕,편의점,,충청북도 청주시 청원구 내덕동 97-8,충청북도 청주시 청원구 안덕벌로52번길 28-2,43,43114,43114102,14192737.24681,4391441.28908,127.49552794076592,36.657266986398106
237898,509010,2025,세븐일레븐청주고은,편의점,,충청북도 청주시 상당구 남일면 고은리 458-7,충청북도 청주시 상당구 남일면 단재로 750,43,43111,43111340,14194287.39832,4378662.1664,127.5094531887092,36.56511949338327
237899,509010,2025,토드편의점동남지구점,편의점,,충청북도 청주시 상당구 용암동 3082,충청북도 청주시 상당구 중고개로141번길 13-16,43,43111,43111124,14195059.13394,4385680.36412,127.5163858077376,36.615739831397484
237900,509010,2025,씨유청주용암,편의점,,충청북도 청주시 상당구 용암동 1664,충청북도 청주시 상당구 1순환로1253번길 38,43,43111,43111124,14193697.2927,4384792.03558,127.50415217973155,36.60933439637976
237901,509010,2025,씨유청주복대,편의점,,충청북도 청주시 흥덕구 복대동 832-19,충청북도 청주시 흥덕구 사직대로41번길 25,43,43113,43113114,14187886.96654,4388446.1733,127.4519571317718,36.63567973338978
237904,509010,2025,미니스톱동남,편의점,,충청북도 청주시 상당구 용암동 3076,충청북도 청주시 상당구 중고개로 137,43,43111,43111124,14195212.37179,4385882.71029,127.5177623667654,36.61719880641738
237906,509010,2025,씨유율량빙그레점,편의점,,충청북도 청주시 청원구 율량동 731-2,충청북도 청주시 청원구 율봉로201번길 39,43,43114,43114103,14192288.59887,4393271.09228,127.49149766774843,36.67045228843872
237907,509010,2025,씨유청주티원,편의점,,충청북도 청주시 흥덕구 복대동 100-5,충청북도 청주시 흥덕구 봉명로 31,43,43113,43113114,14187084.20184,4388853.2248,127.4447457737752,36.63861390636775
237908,509010,2025,씨유청주개신원룸점,편의점,,충청북도 청주시 서원구 개신동 41-39,충청북도 청주시 서원구 1순환로727번길 6,43,43112,43112109,14189105.84004,4387490.26912,127.46290645871791,36.62878879442516
237910,509010,2025,이마트24한국,편의점,,충청북도 청주시 상당구 영운동 158-11,충청북도 청주시 상당구 단재로 106,43,43111,43111119,14192857.25211,4386219.4147,127.49660596671772,36.6196264824215
237911,509010,2025,비하알장군,편의점,,충청북도 청주시 흥덕구 비하동 673-1,충청북도 청주시 흥덕구 청향로5번길 6,43,43113,43113138,14184555.11974,4388711.46413,127.42202664271979,36.63759205737538
237913,509010,2025,씨유청주용정타운,편의점,,충청북도 청주시 상당구 용정동 1243,충청북도 청주시 상당구 용암북로 205-2,43,43111,43111125,14195298.6464,4386992.35849,127.51853738477347,36.62519920338844
237914,509010,2025,씨유C오창과학산업단지점,편의점,,충청북도 청주시 흥덕구 옥산면 남촌리 1108-8,충청북도 청주시 흥덕구 옥산면 과학산업4로 151-5,43,43113,43113320,14183020.52768,4398073.23671,127.40824116769402,36.705045115442715
237915,509010,2025,씨유오송생명과학점,편의점,,충청북도 청주시 흥덕구 오송읍 만수리 519,충청북도 청주시 흥덕구 오송읍 오송생명로 194,43,43113,43113250,14174366.25937,4387773.51095,127.33049855272573,36.630830697384205
237916,509010,2025,씨유청주운천타운점,편의점,,충청북도 청주시 흥덕구 운천동 1213,충청북도 청주시 흥덕구 사운로 252,43,43113,43113104,14190384.77587,4390501.1754,127.47439533475446,36.6504917823952
237919,509010,2025,세븐일레븐청주방서두진점,편의점,,충청북도 청주시 상당구 방서동 747,충청북도 청주시 상당구 2순환로2031번길 6-3,43,43111,43111127,14193587.45075,4383220.62352,127.50316545270618,36.59800217538199
237921,509010,2025,씨유오송바이오점,편의점,,충청북도 청주시 흥덕구 오송읍 봉산리 1033,충청북도 청주시 흥덕구 오송읍 오송생명12로 43,43,43113,43113250,14173084.06901,4386434.49837,127.31898044074876,36.62117721943744
237922,509010,2025,지에스25청주건영점,편의점,,충청북도 청주시 상당구 용암동 2099,충청북도 청주시 상당구 월평로 161,43,43111,43111124,14193580.87723,4385088.85971,127.5031064017713,36.61147475343296
237924,509010,2025,세븐일레븐청주용암,편의점,,충청북도 청주시 상당구 용암동 2915,충청북도 청주시 상당구 무심동로 84,43,43111,43111124,14192957.77295,4385361.69798,127.49750896078729,36.61344209942624
237928,509010,2025,이마트24오창이안점,편의점,,충청북도 청주시 청원구 오창읍 각리 646-6,충청북도 청주시 청원구 오창읍 오창중앙로 85,43,43114,43114253,14184348.56342,4398346.37848,127.42017111572665,36.707012257405395
237929,509010,2025,세븐일레븐청주내덕우리점,편의점,,충청북도 청주시 청원구 내덕동 297-8,충청북도 청주시 청원구 우암로 65,43,43114,43114102,14191699.02881,4391018.35657,127.48620146978813,36.65421907342593
237931,509010,2025,씨유충북대생활관점,편의점,,충청북도 청주시 서원구 개신동 12,충청북도 청주시 서원구 충대로 1,43,43112,43112102,14188693.94724,4387874.71009,127.45920636274082,36.63156023337037
237934,509010,2025,이마트24오창덕성점,편의점,,충청북도 청주시 청원구 오창읍 괴정리 507-3,충청북도 청주시 청원구 오창읍 괴정길 18-8,43,43114,43114253,14189342.89891,4401581.55264,127.4650359947798,36.7303078544065
237939,509010,2025,GS25청주재현점,편의점,,충청북도 청주시 흥덕구 복대동 845-1,충청북도 청주시 흥덕구 월명로13번길 9-1,43,43113,43113114,14187978.47105,4388458.57534,127.4527791307709,36.63576913338574
237942,509010,2025,GS25청주,편의점,,충청북도 청주시 서원구 죽림동 353,충청북도 청주시 서원구 성화로 81,43,43112,43112110,14187182.74797,4385234.81288,127.445631028723,36.61252717942736
237943,509010,2025,세븐청주락희호텔점,편의점,,충청북도 청주시 흥덕구 복대동 288-126,충청북도 청주시 흥덕구 대농로 47-2,43,43113,43113114,14185193.69944,4389634.96418,127.42776310176698,36.644248650375154
237944,509010,2025,씨유청주가경,편의점,,충청북도 청주시 흥덕구 가경동 873,충청북도 청주시 흥덕구 풍년로206번길 48,43,43113,43113113,14185657.95838,4387906.72579,127.43193361078347,36.631791030388364
237945,509010,2025,이마트24청주예체로점,편의점,,충청북도 청주시 서원구 개신동 436-11,충청북도 청주시 서원구 예체로19번길 3,43,43112,43112109,14189740.90805,4387348.87385,127.46861137171709,36.627769449385475
237946,509010,2025,씨유청주사창원룸점,편의점,,충청북도 청주시 서원구 사창동 129-5,충청북도 청주시 서원구 봉명로132번길 27,43,43112,43112102,14188420.57629,4388722.50736,127.45675062971428,36.63767166043069
237947,509010,2025,씨유대청댐현암정점,편의점,,충청북도 청주시 상당구 문의면 덕유리 629-12,충청북도 청주시 상당구 문의면 대청호반로 206,43,43111,43111350,14191573.22231,4366732.78696,127.48507133077005,36.47899999337863
237950,509010,2025,세븐일레븐충북대,편의점,,충청북도 청주시 서원구 사창동 437,충청북도 청주시 서원구 내수동로108번길 7,43,43112,43112102,14188710.10727,4388128.9659,127.45935153076024,36.63339311138808
237951,509010,2025,세븐일레븐복대타운점,편의점,,충청북도 청주시 흥덕구 복대동 1782,충청북도 청주시 흥덕구 풍산로170번길 4,43,43113,43113114,14187489.31584,4387415.71263,127.4483849747558,36.62825130437562
237954,509010,2025,지에스25GS상당점,편의점,,충청북도 청주시 상당구 용암동 2682,충청북도 청주시 상당구 호미로165번길 64,43,43111,43111124,14195002.19669,4386469.98584,127.51587433171844,36.62143307841785
237957,509010,2025,세븐하이젠시티점,편의점,,충청북도 청주시 흥덕구 봉명동 757,충청북도 청주시 흥덕구 직지대로 636,43,43113,43113115,14189181.36765,4389419.23674,127.46358493478238,36.642693737393586
237960,509010,2025,지에스25청주,편의점,,충청북도 청주시 상당구 북문로2가 96-17,충청북도 청주시 상당구 중앙로 28-1,43,43111,43111103,14191995.63213,4388979.31117,127.48886590274527,36.63952275940652
237961,509010,2025,지에스25봉명주민점,편의점,,충청북도 청주시 흥덕구 봉명동 197-15,충청북도 청주시 흥덕구 1순환로594번길 12,43,43113,43113115,14188777.98544,4389153.79543,127.45996129073603,36.640780455381304
237962,509010,2025,씨유서원대,편의점,,충청북도 청주시 서원구 모충동 293-2,충청북도 청주시 서원구 무심서로 373,43,43112,43112103,14191655.26678,4387143.05692,127.48580834878396,36.62628565241228
237965,509010,2025,지에스25청주신화점,편의점,,충청북도 청주시 청원구 내덕동 517-13,충청북도 청주시 청원구 1순환로 213,43,43114,43114102,14191997.89615,4392408.92994,127.48888624078297,36.664239950439125
237967,509010,2025,미니스톱세중,편의점,,충청북도 청주시 흥덕구 송정동 279-5,충청북도 청주시 흥덕구 공단로 134,43,43113,43113116,14186229.52485,4389396.50388,127.4370680797431,36.64252988242229
237968,509010,2025,씨유오창바이오,편의점,,충청북도 청주시 청원구 오창읍 양청리 776-5,충청북도 청주시 청원구 오창읍 양청1길 4,43,43114,43114253,14185281.01733,4400199.39939,127.42854749171873,36.72035621438347
237969,509010,2025,이마트24청주용암,편의점,,충청북도 청주시 상당구 용암동 1864,충청북도 청주시 상당구 무농정로51번길 21,43,43111,43111124,14194028.40039,4384577.80771,127.50712657071811,36.6077895924326
237972,509010,2025,이마트24청주천석로,편의점,,충청북도 청주시 흥덕구 봉명동 831,충청북도 청주시 흥덕구 천석로78번길 4,43,43113,43113115,14189411.57346,4389363.5299,127.46565290875881,36.6422922104079
237975,509010,2025,씨유하복대세일점,편의점,,충청북도 청주시 흥덕구 복대동 2860,충청북도 청주시 흥덕구 짐대로72번길 34,43,43113,43113114,14185258.22912,4387771.65645,127.42834278174529,36.63081732838712
237976,509010,2025,CU청주안덕벌점,편의점,,충청북도 청주시 청원구 내덕동 197-9,충청북도 청주시 청원구 안덕벌로 20,43,43114,43114102,14192197.4321,4391445.40108,127.49067870271939,36.657296619418425
237977,509010,2025,이마트24오창엘파크점,편의점,,충청북도 청주시 청원구 오창읍 양청리 821-1,충청북도 청주시 청원구 오창읍 오창공원로 127,43,43114,43114253,14185089.73215,4399038.97488,127.4268291477103,36.71200004740599
237978,509010,2025,지에스25오송,편의점,,충청북도 청주시 흥덕구 오송읍 연제리 725,충청북도 청주시 흥덕구 오송읍 오송생명5로 184-16,43,43113,43113250,14174118.14604,4387799.30406,127.3282697127601,36.631016638374504
237979,509010,2025,씨유청주힐즈파크점,편의점,,충청북도 청주시 청원구 내덕동 857,충청북도 청주시 청원구 1순환로 123,43,43114,43114102,14192981.31847,4391946.2172,127.4977204737922,36.66090565237833
237981,509010,2025,지에스25사창,편의점,,충청북도 청주시 서원구 사창동 246-1,충청북도 청주시 서원구 예체로129번길 29,43,43112,43112102,14189565.33484,4388721.64141,127.46703417073661,36.637665418395265
237986,509010,2025,GS25금천,편의점,,충청북도 청주시 상당구 금천동 199-2,충청북도 청주시 상당구 중고개로 333,43,43111,43111120,14193631.06618,4387663.08267,127.50355725678017,36.63003462143341
237987,509010,2025,지에스25청주,편의점,,충청북도 청주시 흥덕구 송절동 831,충청북도 청주시 흥덕구 송화로166번길 7-16,43,43113,43113134,14187998.69869,4392768.71658,127.45296083875267,36.66683246541828
237988,509010,2025,씨유청주오창중심상업,편의점,,충청북도 청주시 청원구 오창읍 양청리 789-2,충청북도 청주시 청원구 오창읍 중심상업1로 8-37,43,43114,43114253,14185268.93705,4399474.98337,127.42843897271712,36.71513983238238
237991,509010,2025,응응스크르청주가경,편의점,,충청북도 청주시 흥덕구 가경동 1685,충청북도 청주시 흥덕구 풍년로 26,43,43113,43113113,14186649.22683,4385746.96363,127.44083832677771,36.61622003637575
237999,509010,2025,세븐일레븐청주송절,편의점,,충청북도 청주시 흥덕구 송절동 711,충청북도 청주시 흥덕구 송화로166번길 14,43,43113,43113134,14187894.2131,4392613.28483,127.45202222872787,36.6657124814041
238004,509010,2025,씨유뉴교원대원룸점,편의점,,충청북도 청주시 흥덕구 강내면 월탄리 65-5,충청북도 청주시 흥덕구 강내면 월탄3길 40-1,43,43113,43113310,14177169.03724,4384836.73001,127.35567633471538,36.60965668542712
238008,509010,2025,씨유청주용암임광점,편의점,,충청북도 청주시 상당구 용암동 2094,충청북도 청주시 상당구 용암로 37,43,43111,43111124,14194077.0813,4385120.31816,127.50756387877317,36.61170159240978
238009,509010,2025,세븐일레븐청주용암현대점,편의점,,충청북도 청주시 상당구 용암동 2089,충청북도 청주시 상당구 용암로 19,43,43111,43111124,14194250.09372,4384981.931,127.50911807578568,36.61070371238987
238011,509010,2025,이마트24청주삼정백조점,편의점,,충청북도 청주시 흥덕구 신봉동 310,충청북도 청주시 흥덕구 1순환로513번길 33,43,43113,43113105,14189644.82497,4389961.58003,127.46774824272387,36.646602761368825
238012,509010,2025,씨유서청주,편의점,,충청북도 청주시 흥덕구 비하동 685-4,충청북도 청주시 흥덕구 청향로19번길 33,43,43113,43113138,14184403.76342,4388508.44168,127.42066698576356,36.63612859341084
238015,509010,2025,명인네트워크,편의점,,충청북도 청주시 서원구 사창동 221-1,충청북도 청주시 서원구 천수로8번길 14,43,43112,43112102,14188885.83421,4388505.19396,127.46093011272079,36.63610518236909
238019,509010,2025,씨유청주,편의점,,충청북도 청주시 상당구 서운동 38-21,충청북도 청주시 상당구 대성로 69,43,43111,43111108,14192422.7137,4387872.74724,127.49270244176476,36.63154608341747
238020,509010,2025,이마트24청주예대점,편의점,,충청북도 청주시 청원구 내덕동 17,충청북도 청주시 청원구 안덕벌로102번길 3,43,43114,43114102,14193151.84378,4391545.1151,127.49925232871544,36.658015202400016
238021,509010,2025,지에스25옥산,편의점,,충청북도 청주시 흥덕구 옥산면 호죽리 945,충청북도 청주시 흥덕구 옥산면 옥산산단로 13,43,43113,43113320,14178187.78569,4396701.81907,127.36482790774973,36.69516753039116
238026,509010,2025,세븐일레븐뉴오창원룸점,편의점,,충청북도 청주시 청원구 오창읍 양청리 746-9,충청북도 청주시 청원구 오창읍 양청택지1길 46-27,43,43114,43114253,14184615.28414,4399882.89228,127.42256710872066,36.718077150445765
238028,509010,2025,지에스25용암센터,편의점,,충청북도 청주시 상당구 용암동 1187,충청북도 청주시 상당구 용암로 94-1,43,43111,43111124,14193690.7253,4385650.71322,127.50409318377355,36.61552603742412
238033,509010,2025,합자회사진홍유통,편의점,,충청북도 청주시 흥덕구 봉명동 2241,충청북도 청주시 흥덕구 1순환로 504,43,43113,43113115,14189362.68873,4390088.4344,127.46521376975755,36.64751705542632
238034,509010,2025,지에스25모충,편의점,,충청북도 청주시 서원구 모충동 126-10,충청북도 청주시 서원구 구룡산로371번길 81,43,43112,43112103,14191685.67904,4386542.39794,127.48608154676381,36.621955155438016
238035,509010,2025,주말농장텐트하우스,편의점,,충청북도 청주시 상당구 문의면 구룡리 79,충청북도 청주시 상당구 문의면 묘암길 44,43,43111,43111350,14196666.27636,4367160.59262,127.53082301373604,36.48209002638368
238038,509010,2025,씨유충청,편의점,,충청북도 청주시 흥덕구 강내면 월곡리 276-1,충청북도 청주시 흥덕구 강내면 월곡길 20,43,43113,43113310,14178631.82934,4386632.31147,127.3688168197264,36.62260340941054
238042,509010,2025,더블유엠,편의점,,충청북도 청주시 흥덕구 가경동 1416-2,충청북도 청주시 흥덕구 풍산로 15,43,43113,43113113,14185623.05994,4387287.98504,127.43162011276297,36.627330486373104
238045,509010,2025,지에스25청주월평로점,편의점,,충청북도 청주시 상당구 용암동 2086,충청북도 청주시 상당구 월평로 225,43,43111,43111124,14194172.26046,4384605.46051,127.50841888771485,36.6079889993874
238046,509010,2025,씨유청주용담,편의점,,충청북도 청주시 상당구 용담동 425,충청북도 청주시 상당구 호미로 327,43,43111,43111121,14194231.93684,4388418.49031,127.50895496975747,36.635480180426306
238048,509010,2025,세븐일레븐청주동남,편의점,,충청북도 청주시 상당구 용암동 3079,충청북도 청주시 상당구 중고개로141번길 11-19,43,43111,43111124,14195195.91064,4385742.8272,127.51761449373899,36.61619021140443
238049,509010,2025,지에스25청주4캠퍼스점,편의점,,충청북도 청주시 흥덕구 외북동 364,충청북도 청주시 흥덕구 에스케이로 120,43,43113,43113136,14185452.82372,4391355.13288,127.43009085477941,36.65664610137629
238050,509010,2025,세븐일레븐오창구룡삼식이점,편의점,,충청북도 청주시 청원구 오창읍 구룡리 397-27,충청북도 청주시 청원구 오창읍 구룡3길 1,43,43114,43114253,14183456.63993,4398851.43499,127.41215883069223,36.71064949541106
238051,509010,2025,이마트24오창구룡,편의점,,충청북도 청주시 청원구 오창읍 구룡리 418-8,충청북도 청주시 청원구 오창읍 구룡6길 14,43,43114,43114253,14183913.81751,4399009.40199,127.41626572676951,36.71178708242066
238052,509010,2025,이마트24청주복대타운점,편의점,,충청북도 청주시 흥덕구 복대동 1335,충청북도 청주시 흥덕구 풍산로137번길 57,43,43113,43113114,14187134.34526,4387878.12241,127.4451962197811,36.63158483237443
238055,509010,2025,씨유청주복대민들레점,편의점,,충청북도 청주시 흥덕구 복대동 881-5,충청북도 청주시 흥덕구 사직대로72번길 14,43,43113,43113114,14188244.3444,4388191.20829,127.4551675117107,36.6338417973767
238058,509010,2025,세븐청주복대점주,편의점,,충청북도 청주시 흥덕구 복대동 2486,충청북도 청주시 흥덕구 증안로 46,43,43113,43113114,14185267.6079,4388557.83353,127.42842703275949,36.63648463143573
238060,509010,2025,지에스25청주영운점,편의점,,충청북도 청주시 상당구 영운동 35-8,충청북도 청주시 상당구 쇠내로 159,43,43111,43111119,14194203.03897,4386309.60041,127.50869537577444,36.62027671837676
238061,509010,2025,세븐일레븐,편의점,,충청북도 청주시 흥덕구 봉명동 1860,충청북도 청주시 흥덕구 월명로 158,43,43113,43113115,14188135.62534,4390263.33415,127.45419087177783,36.648777615422986
238066,509010,2025,씨유용정비발디점,편의점,,충청북도 청주시 상당구 용정동 1190,충청북도 청주시 상당구 용정로38번길 17-1,43,43111,43111125,14195243.25972,4387549.68511,127.51803983776158,36.62921713142573
238067,509010,2025,이마트24오송생명로점,편의점,,충청북도 청주시 흥덕구 오송읍 연제리 695,충청북도 청주시 흥덕구 오송읍 오송생명로 52,43,43113,43113250,14172748.73563,4388488.44961,127.31596808974304,36.63598448137172
238069,509010,2025,씨유청주삼일점,편의점,,충청북도 청주시 흥덕구 가경동 1514,충청북도 청주시 흥덕구 가경로 96,43,43113,43113113,14186546.81545,4386805.66264,127.43991834969836,36.623853212427825
238070,509010,2025,세븐일레븐청주사창,편의점,,충청북도 청주시 서원구 사창동 403-8,충청북도 청주시 서원구 1순환로 649,43,43112,43112102,14188801.60042,4388449.53767,127.46017342771071,36.635703985431505
238076,509010,2025,세븐일레븐청주율량로점,편의점,,충청북도 청주시 청원구 율량동 2032,충청북도 청주시 청원구 1순환로 152,43,43114,43114103,14192749.31829,4392460.81893,127.4956363807158,36.66461385237927
238077,509010,2025,지에스25청주교대,편의점,,충청북도 청주시 서원구 수곡동 206-3,충청북도 청주시 서원구 구룡산로346번길 52,43,43112,43112107,14191231.60873,4385739.07868,127.48200256376786,36.616163183377175
238083,509010,2025,비지에프리테일오송연화점,편의점,,충청북도 청주시 흥덕구 오송읍 만수리 858,충청북도 청주시 흥덕구 오송읍 만수길 6-3,43,43113,43113250,14173925.37463,4386690.66952,127.32653801772042,36.623024153379
238084,509010,2025,씨유청주용담,편의점,,충청북도 청주시 상당구 용담동 143-16,충청북도 청주시 상당구 용담로 137,43,43111,43111121,14193811.16341,4388365.03795,127.50517509772376,36.635094867375685
238093,509010,2025,씨유청주용성초점,편의점,,충청북도 청주시 상당구 용암동 2793,충청북도 청주시 상당구 호미로167번길 19,43,43111,43111124,14195135.40282,4386694.34999,127.51707094274377,36.6230506883825
238095,509010,2025,지에스25청주트리플렉스점,편의점,,충청북도 청주시 흥덕구 복대동 288-124,충청북도 청주시 흥덕구 대농로 39,43,43113,43113114,14185100.83483,4389381.96392,127.42692888478167,36.64242508043593
238096,509010,2025,씨유청주성모병원장례식장점,편의점,,충청북도 청주시 청원구 주중동 589-5,충청북도 청주시 청원구 주성로 173-19,43,43114,43114106,14191663.24816,4393781.0609,127.48588004674039,36.67412664741232
238099,509010,2025,씨유용정힐스점,편의점,,충청북도 청주시 상당구 용정동 946,충청북도 청주시 상당구 용정로2번길 2,43,43111,43111125,14194795.78987,4387451.29935,127.51402014770665,36.6285078553849
238100,509010,2025,CU청주복대지웰점,편의점,,충청북도 청주시 흥덕구 복대동 3226,충청북도 청주시 흥덕구 진재로109번길 55,43,43113,43113114,14185246.82477,4389119.08525,127.42824033472617,36.64053026336855
238101,509010,2025,씨유용정점,편의점,,충청북도 청주시 상당구 용정동 928,충청북도 청주시 상당구 호미로202번길 2,43,43111,43111125,14195015.70197,4387119.71525,127.51599565171284,36.626117373396106
238103,509010,2025,지에스25개신,편의점,,충청북도 청주시 서원구 개신동 619,충청북도 청주시 서원구 경신로 31-14,43,43112,43112109,14187224.5323,4386411.0226,127.44600638374581,36.62100796242536
238104,509010,2025,씨유청주대원룸점,편의점,,충청북도 청주시 청원구 우암동 208-5,충청북도 청주시 청원구 대성로288번길 30,43,43114,43114101,14192341.8304,4390545.36616,127.49197585471846,36.65081026937569
238105,509010,2025,세븐일레븐,편의점,,충청북도 청주시 흥덕구 봉명동 2322-2,충청북도 청주시 흥덕구 월명로252번길 87,43,43113,43113115,14188694.3845,4391436.40556,127.45921029071422,36.65723179342433
238106,509010,2025,씨유청주산단비즈니스,편의점,,충청북도 청주시 흥덕구 송정동 329-4,충청북도 청주시 흥덕구 대신로 132,43,43113,43113116,14186069.63099,4389735.89459,127.43563172876014,36.64497612240929
238107,509010,2025,이마트24,편의점,,충청북도 청주시 흥덕구 복대동 2876,충청북도 청주시 흥덕구 진재로 13,43,43113,43113114,14185407.57223,4387992.95948,127.42968435372839,36.63241267440747
238110,509010,2025,지에스25양청타운점,편의점,,충청북도 청주시 청원구 오창읍 양청리 668-1,충청북도 청주시 청원구 오창읍 양청4길 13,43,43114,43114253,14185971.92298,4400705.78262,127.43475400277237,36.724002373376
238111,509010,2025,세븐일레븐청주복대,편의점,,충청북도 청주시 흥덕구 복대동 2644,충청북도 청주시 흥덕구 진재로 45-1,43,43113,43113114,14185362.3419,4388396.68112,127.42927804276087,36.635322968413725
238112,509010,2025,지에스25봉명시티점,편의점,,충청북도 청주시 흥덕구 봉명동 219-6,충청북도 청주시 흥덕구 봉명로 130,43,43113,43113115,14188360.95747,4388865.68628,127.45621506474194,36.638703731415184
238114,509010,2025,세븐청주가경가로수점,편의점,,충청북도 청주시 흥덕구 가경동 999,충청북도 청주시 흥덕구 풍년로 200,43,43113,43113113,14185518.62656,4387617.71726,127.4306819717486,36.62970758043392
238115,509010,2025,세븐일레븐청주리슈빌점,편의점,,충청북도 청주시 흥덕구 비하동 140-29,충청북도 청주시 흥덕구 가로수로1131번길 106,43,43113,43113138,14184531.92744,4387718.38378,127.42181830274413,36.63043328740229
238117,509010,2025,GS25청남대점,편의점,,충청북도 청주시 상당구 문의면 미천리 153-19,충청북도 청주시 상당구 문의면 문의시내로 29,43,43111,43111350,14192957.07753,4371846.24081,127.49750271372314,36.51592631641274
238118,509010,2025,미니스톱,편의점,,충청북도 청주시 흥덕구 봉명동 2866-1,충청북도 청주시 흥덕구 백봉로 185,43,43113,43113115,14188351.48763,4390362.30898,127.45612999572182,36.64949095041905
238120,509010,2025,GS25청주대원점,편의점,,충청북도 청주시 흥덕구 복대동 214,충청북도 청주시 흥덕구 대신로40번길 36-2,43,43113,43113114,14186321.65264,4388543.45216,127.43789567776169,36.63638096441
238122,509010,2025,GS25청주현대점,편의점,,충청북도 청주시 흥덕구 복대동 1895,충청북도 청주시 흥덕구 성봉로 239,43,43113,43113114,14187630.22973,4387176.82773,127.44965082576729,36.626529118432614
238123,509010,2025,GS25충북대성봉점,편의점,,충청북도 청주시 흥덕구 복대동 1636,충청북도 청주시 흥덕구 성봉로 305,43,43113,43113114,14187889.93866,4387934.90837,127.45198383078002,36.631994194370705
238125,509010,2025,세븐일레븐청주봉명도깨비점,편의점,,충청북도 청주시 흥덕구 봉명동 1146,충청북도 청주시 흥덕구 봉명로 204,43,43113,43113115,14189260.52382,4389000.52306,127.4642960067559,36.63967565743851
238126,509010,2025,세븐일레븐청주공구단지점,편의점,,충청북도 청주시 청원구 사천동 48-1,충청북도 청주시 청원구 2순환로 364,43,43114,43114104,14190939.70542,4393667.34593,127.47938035171893,36.67330733843453
238127,509010,2025,미니스톱청주강서,편의점,,충청북도 청주시 흥덕구 가경동 1956,충청북도 청주시 흥덕구 서현중로27번길 4,43,43113,43113113,14185380.82316,4386411.74979,127.42944406274418,36.621013205368946
238130,509010,2025,세븐일레븐청주사직,편의점,,충청북도 청주시 서원구 사창동 551,충청북도 청주시 서원구 예체로67번길 12-1,43,43112,43112101,14189653.05293,4388009.09283,127.46782215574613,36.632528976429484
238132,509010,2025,GS25율량3지구점,편의점,,충청북도 청주시 청원구 율량동 2042,충청북도 청주시 청원구 율량로190번길 25,43,43114,43114103,14192929.80971,4392605.57647,127.4972577627284,36.665656937373285
238133,509010,2025,씨유청주분평,편의점,,충청북도 청주시 서원구 분평동 1261-3,충청북도 청주시 서원구 분평로 81,43,43112,43112106,14192612.5151,4384691.76867,127.4944074567507,36.60861137237203
238134,509010,2025,지에스GS25동남,편의점,,충청북도 청주시 상당구 용암동 3383,충청북도 청주시 상당구 동남로109번길 17-9,43,43111,43111129,14194978.00775,4384237.47729,127.51565703877331,36.60533539538548
238135,509010,2025,씨유충북대,편의점,,충청북도 청주시 흥덕구 복대동 1630,충청북도 청주시 흥덕구 내수동로42번길 3,43,43113,43113114,14187921.225,4388008.68041,127.45226488075413,36.63252600338019
238138,509010,2025,미니스톱모충타운점,편의점,,충청북도 청주시 서원구 모충동 117-5,충청북도 청주시 서원구 청남로 2124,43,43112,43112103,14191912.42204,4386506.21617,127.48811841378878,36.62169429242393
238140,509010,2025,씨유청주서원,편의점,,충청북도 청주시 서원구 사창동 254-7,충청북도 청주시 서원구 예체로 123,43,43112,43112102,14189739.48962,4388649.26283,127.46859862974361,36.63714368941692
238143,509010,2025,씨유청주,편의점,,충청북도 청주시 흥덕구 비하동 352-15,충청북도 청주시 흥덕구 2순환로 1067-25,43,43113,43113138,14184724.93462,4389099.19762,127.42355211574174,36.64038691237214
238146,509010,2025,세븐일레븐청주태성,편의점,,충청북도 청주시 흥덕구 강내면 태성리 85-4,충청북도 청주시 흥덕구 강내면 서부로 369,43,43113,43113310,14177527.25423,4381709.7684,127.35889425268732,36.58710509039975
238147,509010,2025,씨유청주송절타운점,편의점,,충청북도 청주시 흥덕구 송절동 666,충청북도 청주시 흥덕구 송화로108번길 41,43,43113,43113134,14187579.12339,4392260.8818,127.44919172970387,36.6631731344372
238150,509010,2025,세븐일레븐청주예술대점,편의점,,충청북도 청주시 청원구 내덕동 121-18,충청북도 청주시 청원구 안덕벌로 67,43,43114,43114102,14192764.54814,4391633.8926,127.49577319278612,36.65865496637559
238152,509010,2025,세븐일레븐오창양청,편의점,,충청북도 청주시 청원구 오창읍 양청리 718-22,충청북도 청주시 청원구 오창읍 양청택지1길 1,43,43114,43114253,14184347.89751,4399664.02501,127.42016513375535,36.71650111943984
238153,509010,2025,지에스25청주우성점,편의점,,충청북도 청주시 상당구 탑동 5-40,충청북도 청주시 상당구 용담로63번길 35,43,43111,43111117,14193197.50938,4388030.29807,127.49966254977988,36.632681840402675
238154,509010,2025,씨유봉명에이치에스포레점,편의점,,충청북도 청주시 흥덕구 봉명동 1831,충청북도 청주시 흥덕구 직지대로 609,43,43113,43113115,14188852.07713,4389524.9591,127.46062686771162,36.64345576338384
238155,509010,2025,세븐청주사창미소점,편의점,,충청북도 청주시 서원구 사창동 184-6,충청북도 청주시 서원구 천수로7번길 6,43,43112,43112102,14188823.87991,4388600.31185,127.46037356777464,36.636790832401196
238156,509010,2025,세븐일레븐오창구룡타운점,편의점,,충청북도 청주시 청원구 오창읍 구룡리 432-10,충청북도 청주시 청원구 오창읍 구룡택지로 5,43,43114,43114253,14183687.84261,4398568.7729,127.41423575970424,36.708613884421005
238157,509010,2025,지에스25오창엔솔,편의점,,충청북도 청주시 청원구 오창읍 주성리 648,충청북도 청주시 청원구 오창읍 2산단로 81,43,43114,43114253,14186984.32721,4401521.40793,127.44384858470882,36.72987483338664
238158,509010,2025,지에스25남문로점,편의점,,충청북도 청주시 상당구 남문로2가 39-1,충청북도 청주시 상당구 남사로 131,43,43111,43111106,14192095.12493,4387967.48107,127.4897596617744,36.63222900540081
238160,509010,2025,지에스25용암타운점,편의점,,충청북도 청주시 상당구 용암동 2851,충청북도 청주시 상당구 용암북로 196,43,43111,43111124,14195178.66258,4386905.02642,127.5174595517798,36.624569582373546
238162,509010,2025,세븐일레븐청주비하,편의점,,충청북도 청주시 흥덕구 비하동 166-11,충청북도 청주시 흥덕구 비하로63번길 23,43,43113,43113138,14184714.40001,4388010.00199,127.42345748173,36.63253553037285
238164,509010,2025,세븐청주복대사거리점,편의점,,충청북도 청주시 흥덕구 복대동 34-6,충청북도 청주시 흥덕구 복대로190번길 3,43,43113,43113114,14186669.14656,4388151.1509,127.44101726875688,36.6335530364377
238170,509010,2025,지에스25청주내덕,편의점,,충청북도 청주시 청원구 내덕동 725-55,충청북도 청주시 청원구 1순환로330번길 34,43,43114,43114102,14190661.17994,4391885.25099,127.47687831476156,36.6604663204104
238171,509010,2025,지에스25옥산국사점,편의점,,충청북도 청주시 흥덕구 옥산면 국사리 407-10,충청북도 청주시 흥덕구 옥산면 국사길 201,43,43113,43113320,14180643.22181,4395399.58302,127.38688546571055,36.685787048403505
238177,509010,2025,지에스25가경,편의점,,충청북도 청주시 흥덕구 가경동 2256,충청북도 청주시 흥덕구 서현로 32,43,43113,43113113,14185064.80494,4385865.58628,127.42660522277292,36.61707533837023
238180,509010,2025,세븐일레븐청주수곡,편의점,,충청북도 청주시 서원구 수곡동 38-3,충청북도 청주시 서원구 수영로36번길 5,43,43112,43112107,14192164.99138,4385608.44438,127.49038728277331,36.61522126240403
238183,509010,2025,씨유오창반도유,편의점,,충청북도 청주시 청원구 오창읍 각리 640-3,충청북도 청주시 청원구 오창읍 과학산업3로 210-8,43,43114,43114253,14185400.22726,4398393.71012,127.42961837274024,36.707353130414596
238185,509010,2025,세븐일레븐청주성화,편의점,,충청북도 청주시 서원구 성화동 963,충청북도 청주시 서원구 성화로 110,43,43112,43112108,14187187.02019,4385582.6345,127.44566940672826,36.61503516238958
238186,509010,2025,씨유청주가경,편의점,,충청북도 청주시 흥덕구 가경동 815,충청북도 청주시 흥덕구 가경로189번길 7-2,43,43113,43113113,14186073.58272,4387860.57754,127.43566722775472,36.6314583534353
238187,509010,2025,지에스25행복3동점,편의점,,충청북도 청주시 흥덕구 향정동 84-4,충청북도 청주시 흥덕구 직지대로307번길 115,43,43113,43113137,14185157.79712,4390726.40469,127.427440585739,36.65211501740606
238188,509010,2025,세븐일레븐청주가경,편의점,,충청북도 청주시 흥덕구 가경동 1453-6,충청북도 청주시 흥덕구 풍산로48번길 6,43,43113,43113113,14186058.93029,4387222.36118,127.43553560273652,36.62685738437428
238190,509010,2025,씨유청주동남,편의점,,충청북도 청주시 상당구 방서동 806,충청북도 청주시 상당구 동남로 15,43,43111,43111126,14194072.12613,4383913.26505,127.5075193657237,36.60299735742863
238195,509010,2025,씨유청주싱글벙글점,편의점,,충청북도 청주시 흥덕구 강내면 월곡리 299-14,충청북도 청주시 흥덕구 강내면 탑연월곡길 80,43,43113,43113310,14178165.34423,4386808.51411,127.36462631268455,36.62387377038798
238196,509010,2025,세븐일레븐오창,편의점,,충청북도 청주시 청원구 오창읍 양청리 790-2,충청북도 청주시 청원구 오창읍 중심상업로 65-9,43,43114,43114253,14185252.27097,4399657.68263,127.42828925877319,36.716455448412646
238197,509010,2025,씨유청주율량럭키점,편의점,,충청북도 청주시 청원구 율량동 854,충청북도 청주시 청원구 충청대로139번길 37,43,43114,43114103,14192395.38387,4393103.08297,127.49245693372472,36.66924173138324
238198,509010,2025,세븐일레븐청주분평현대점,편의점,,충청북도 청주시 서원구 분평동 1249,충청북도 청주시 서원구 분평로 21,43,43112,43112106,14191876.49267,4384707.16788,127.48779565476651,36.608722416411425
238199,509010,2025,세븐일레븐청주,편의점,,충청북도 청주시 서원구 수곡동 79-10,충청북도 청주시 서원구 청남로 2074,43,43112,43112107,14191775.11045,4385888.10416,127.48688492278876,36.617237697418624
238200,509010,2025,이마트24청주율량금강점,편의점,,충청북도 청주시 청원구 율량동 1086,충청북도 청주시 청원구 충청대로107번길 19,43,43114,43114103,14192373.57227,4392669.14074,127.49226099678819,36.666114960420785
238201,509010,2025,비지에프리테일청주,편의점,,충청북도 청주시 청원구 내수읍 입상리 79-9,충청북도 청주시 청원구 내수읍 오창대로 980,43,43114,43114250,14192782.37239,4400441.61924,127.49593331074816,36.72210031443986
238202,509010,2025,세븐일레븐청주사창,편의점,,충청북도 청주시 서원구 사창동 184-6,충청북도 청주시 서원구 천수로7번길 6,43,43112,43112102,14188823.87991,4388600.31185,127.46037356777464,36.636790832401196
238203,509010,2025,지에스25청주성안길점,편의점,,충청북도 청주시 상당구 서문동 139-3,충청북도 청주시 상당구 무심동로372번길 43,43,43111,43111109,14191692.48133,4388187.76286,127.48614265277456,36.633816960414066
238207,509010,2025,지에스25청주,편의점,,충청북도 청주시 흥덕구 강서동 45-4,충청북도 청주시 흥덕구 가로수로1144번길 72-2,43,43113,43113117,14184804.29384,4386793.79916,127.42426501174448,36.62376768141511
238208,509010,2025,세븐일레븐청원,편의점,,충청북도 청주시 청원구 오창읍 장대리 322-2,충청북도 청주시 청원구 오창읍 두릉유리로 1135,43,43114,43114253,14188186.65352,4403159.00971,127.45464926571803,36.74166412537914
238209,509010,2025,지에스25청주대타운,편의점,,충청북도 청주시 청원구 우암동 39-6,충청북도 청주시 청원구 수암로 78,43,43114,43114101,14192565.56878,4390334.92696,127.49398573078273,36.649293602389335
238210,509010,2025,세븐일레븐청주현도,편의점,,충청북도 청주시 서원구 현도면 선동리 481-4,충청북도 청주시 서원구 현도면 청남로 332-1,43,43112,43112320,14184831.28125,4367546.65469,127.42450744377334,36.48487844036944
238212,509010,2025,굿샵가맹점청주,편의점,,충청북도 청주시 청원구 오창읍 각리 648-4,충청북도 청주시 청원구 오창읍 오창중앙로 115-4,43,43114,43114253,14184029.48091,4398602.43988,127.41730474876998,36.708856342382475
238213,509010,2025,이마트24청주테라,편의점,,충청북도 청주시 흥덕구 복대동 288-6,충청북도 청주시 흥덕구 대농로 33,43,43113,43113114,14184983.88669,4389389.95866,127.42587832176544,36.64248270541489
238216,509010,2025,지에스25가경,편의점,,충청북도 청주시 흥덕구 가경동 1461-1,충청북도 청주시 흥덕구 경산로 4,43,43113,43113113,14185776.14728,4386688.91993,127.43299531973645,36.62301153939529
238217,509010,2025,지에스25청원척산점,편의점,,충청북도 청주시 서원구 남이면 척산리 379-3,충청북도 청주시 서원구 남이면 청남로 1269,43,43112,43112310,14186494.222,4378345.20297,127.4394458946985,36.56283253942619
238218,509010,2025,세븐일레븐오창원룸,편의점,,충청북도 청주시 청원구 오창읍 양청리 764-5,충청북도 청주시 청원구 오창읍 양청길 41-9,43,43114,43114253,14184979.26849,4399845.67539,127.42583683576898,36.71780915937879
238220,509010,2025,세븐청주교대점,편의점,,충청북도 청주시 서원구 수곡동 79-10,충청북도 청주시 서원구 청남로 2074,43,43112,43112107,14191775.11045,4385888.10416,127.48688492278876,36.617237697418624
238222,509010,2025,세븐일레븐청주사창로얄점,편의점,,충청북도 청주시 서원구 사창동 230-12,충청북도 청주시 서원구 사직대로129번길 10-19,43,43112,43112102,14189119.3795,4388454.66842,127.46302808575649,36.635740970398565
238228,509010,2025,세븐일레븐청주우암,편의점,,충청북도 청주시 청원구 우암동 164-18,충청북도 청주시 청원구 대성로266번길 2,43,43114,43114101,14192294.98627,4390318.44892,127.4915550467389,36.64917484141399
238232,509010,2025,미니스톱오창비봉점,편의점,,충청북도 청주시 청원구 오창읍 구룡리 400-1,충청북도 청주시 청원구 오창읍 구룡2길 17,43,43114,43114253,14183512.76088,4399004.27963,127.41266297376373,36.711750194409504
238233,509010,2025,씨유청주가경원룸점,편의점,,충청북도 청주시 흥덕구 가경동 415-27,충청북도 청주시 흥덕구 가경로127번길 27,43,43113,43113113,14186154.62086,4387102.41394,127.4363952057524,36.62599264140566
238234,509010,2025,오창바로,편의점,,충청북도 청주시 청원구 오창읍 양청리 809-1,충청북도 청주시 청원구 오창읍 양청송대길 37,43,43114,43114253,14186547.16366,4399403.50491,127.43992147772201,36.71462511038504
238236,509010,2025,씨유청주봉명K2점,편의점,,충청북도 청주시 흥덕구 봉명동 1729,충청북도 청주시 흥덕구 과상미로25번길 2,43,43113,43113115,14188971.96166,4389668.58428,127.46170380876808,36.644490973373344
238238,509010,2025,씨유청주봉명연흥점,편의점,,충청북도 청주시 흥덕구 봉명동 893,충청북도 청주시 흥덕구 1순환로 585,43,43113,43113115,14188932.75549,4389182.67082,127.46135161375058,36.64098858943454
238240,509010,2025,이마트24청주분평5단지,편의점,,충청북도 청주시 서원구 분평동 1348,충청북도 청주시 서원구 분평로 95,43,43112,43112106,14192788.43106,4384665.37996,127.49598773670678,36.60842108243654
238241,509010,2025,비엠클럽,편의점,,충청북도 청주시 흥덕구 송정동 292-13,충청북도 청주시 흥덕구 대신로 108,43,43113,43113116,14186053.24164,4389403.50999,127.4354845007241,36.642580381426704
238242,509010,2025,씨유오창,편의점,,충청북도 청주시 청원구 오창읍 각리 645-1,충청북도 청주시 청원구 오창읍 오창중앙로 21-14,43,43114,43114253,14185176.70874,4398454.65144,127.42761047171197,36.7077920153918
238243,509010,2025,지에스25청주단재로점,편의점,,충청북도 청주시 상당구 남일면 쌍수리 299,충청북도 청주시 상당구 남일면 단재로 575,43,43111,43111340,14194871.40164,4380739.92107,127.51469937979324,36.580109228415594
238244,509010,2025,세븐일레븐청주봉명,편의점,,충청북도 청주시 흥덕구 봉명동 2837,충청북도 청주시 흥덕구 덕암로24번길 54,43,43113,43113115,14188397.67721,4390507.73462,127.45654492377868,36.650539055396415
238245,509010,2025,세븐일레븐청주뉴산남고점,편의점,,충청북도 청주시 서원구 산남동 927,충청북도 청주시 서원구 두꺼비로14번길 4,43,43112,43112104,14189806.7286,4384775.37235,127.4692026477779,36.60921423841093
238246,509010,2025,씨유율량,편의점,,충청북도 청주시 청원구 주성동 335,충청북도 청주시 청원구 율량로 103,43,43114,43114105,14192934.92417,4393587.04225,127.49730370670429,36.67272875037667
238247,509010,2025,세븐일레븐청주동남,편의점,,충청북도 청주시 상당구 용암동 3029,충청북도 청주시 상당구 중고개로141번길 8,43,43111,43111124,14195146.49726,4385934.71074,127.51717060579399,36.6175737403996
238249,509010,2025,세븐일레븐청주제니스점,편의점,,충청북도 청주시 서원구 사직동 265-18,충청북도 청주시 서원구 사운로85번길 4,43,43112,43112101,14190889.74123,4388594.10964,127.4789315157635,36.63674612443093
238251,509010,2025,씨유청주개신금원점,편의점,,충청북도 청주시 서원구 개신동 698,충청북도 청주시 서원구 복대로 13,43,43112,43112109,14187203.69429,4386052.38625,127.44581919271705,36.61842219839421
238252,509010,2025,씨유청주운천무지개점,편의점,,충청북도 청주시 흥덕구 운천동 578-16,충청북도 청주시 흥덕구 사운로280번길 21,43,43113,43113104,14190286.11942,4390868.50374,127.47350908878524,36.65313911239834
238254,509010,2025,세븐일레븐서원대점,편의점,,충청북도 청주시 서원구 모충동 239-12,충청북도 청주시 서원구 서원남로58번길 4,43,43112,43112103,14191201.17576,4386615.87506,127.4817291797469,36.622484907429104
238255,509010,2025,이마트24청원내수점,편의점,,충청북도 청주시 청원구 내수읍 내수리 46-18,충청북도 청주시 청원구 내수읍 내수로 737,43,43114,43114250,14197329.05357,4401156.69913,127.53677684271398,36.72724900441346
238260,509010,2025,씨유서청주IC점,편의점,,충청북도 청주시 흥덕구 향정동 103,충청북도 청주시 흥덕구 2순환로 944,43,43113,43113137,14184656.38797,4390557.06925,127.42293635070797,36.650894614429895
238261,509010,2025,지에스25뉴오창비발디점.1등로또복권,편의점,,충청북도 청주시 청원구 오창읍 각리 637-1,충청북도 청주시 청원구 오창읍 오창중앙로 96,43,43114,43114253,14184286.64351,4398488.11909,127.41961487971115,36.70803304042749
238262,509010,2025,세븐충북대사거리점주,편의점,,충청북도 청주시 흥덕구 복대동 872-7,충청북도 청주시 흥덕구 충대로 14-1,43,43113,43113114,14188042.05039,4388185.35673,127.45335027369974,36.63379961541585
238266,509010,2025,세븐일레븐청주폴리텍대학점,편의점,,충청북도 청주시 흥덕구 송정동 47,충청북도 청주시 흥덕구 산단로 54,43,43113,43113116,14187548.41391,4388959.18754,127.4489158617513,36.63937770541208
238270,509010,2025,씨유청주테크노우방점,편의점,,충청북도 청주시 흥덕구 송절동 842,충청북도 청주시 흥덕구 송화로184번길 7,43,43113,43113134,14188072.52744,4392901.26524,127.45362405369809,36.66778754942778
238272,509010,2025,지에스25개신주공점,편의점,,충청북도 청주시 서원구 개신동 613,충청북도 청주시 서원구 신율로 52,43,43112,43112109,14187374.13412,4386630.32665,127.4473502797604,36.62258909941561
238273,509010,2025,세븐일레븐청주용정비발디점,편의점,,충청북도 청주시 상당구 용정동 1159,충청북도 청주시 상당구 용정로 40,43,43111,43111125,14195220.18697,4387620.08983,127.51783257172184,36.62972468441742
238274,509010,2025,씨유청주,편의점,,충청북도 청주시 흥덕구 옥산면 오산리 551-30,충청북도 청주시 흥덕구 옥산면 오송가락로 847,43,43113,43113320,14179508.97338,4392315.72252,127.37669633870256,36.66356831139052
238275,509010,2025,해피카페마켓,편의점,,충청북도 청주시 청원구 주성동 164-4,충청북도 청주시 청원구 충청대로238번길 11,43,43114,43114105,14193041.99371,4394173.36561,127.49826552874688,36.67695311041651
238276,509010,2025,지에스25미원단재로점,편의점,,충청북도 청주시 상당구 미원면 미원리 653-6,충청북도 청주시 상당구 미원면 단재로 2368,43,43111,43111320,14210026.73356,4387792.35588,127.65084204280859,36.63096654940379
238277,509010,2025,씨유청주수곡청남로점,편의점,,충청북도 청주시 서원구 수곡동 94-1,충청북도 청주시 서원구 청남로 2097,43,43112,43112107,14191779.50411,4386176.23932,127.48692439170807,36.619315187433266
238278,509010,2025,외갓집,편의점,,충청북도 청주시 청원구 북이면 송정리 297-1,충청북도 청주시 청원구 북이면 장재금대로 407-24,43,43114,43114310,14200653.40022,4406074.86065,127.56663995677219,36.762651204439415
238279,509010,2025,지에스25청주여고점,편의점,,충청북도 청주시 청원구 율량동 945,충청북도 청주시 청원구 율봉로176번길 50-1,43,43114,43114103,14191902.46094,4392712.02927,127.48802893170497,36.66642399940324
238281,509010,2025,지에스25동남,편의점,,충청북도 청주시 상당구 용암동 3163,충청북도 청주시 상당구 중고개로 54,43,43111,43111129,14195754.22943,4384999.27271,127.52262995676436,36.61082876043516
238285,509010,2025,세븐일레븐문의IC점,편의점,,충청북도 청주시 상당구 문의면 남계리 157-3,충청북도 청주시 상당구 문의면 미천고은로 149,43,43111,43111350,14193650.56145,4374792.36821,127.50373238577028,36.537193500384795
238286,509010,2025,씨유청주부영10단지점,편의점,,충청북도 청주시 상당구 금천동 318,충청북도 청주시 상당구 호미로233번길 68,43,43111,43111120,14194417.01406,4387280.9025,127.5106175467124,36.627279426367544
238287,509010,2025,이마트24청주예술의전당점,편의점,,충청북도 청주시 흥덕구 봉명동 792,충청북도 청주시 흥덕구 예체로179번길 4,43,43113,43113115,14189756.75238,4389375.10891,127.46875370375517,36.6423756704387
238288,509010,2025,지에스25청주청남로,편의점,,충청북도 청주시 서원구 남이면 양촌리 242-4,충청북도 청주시 서원구 남이면 청남로 1659,43,43112,43112310,14189359.8955,4381395.561,127.46518867774556,36.58483866742641
238291,509010,2025,씨유청주용담동점,편의점,,충청북도 청주시 상당구 용담동 409,충청북도 청주시 상당구 산성로116번길 30,43,43111,43111121,14193912.94772,4387969.93113,127.50608944173744,36.6322466674359
238292,509010,2025,세븐일레븐충북,편의점,,충청북도 청주시 청원구 내수읍 덕암리 297,충청북도 청주시 청원구 내수읍 덕암길 13-2,43,43114,43114250,14198560.11579,4397360.00301,127.5478356627948,36.69990823438624
238293,509010,2025,세븐충북대뉴중문점,편의점,,충청북도 청주시 서원구 사창동 413,충청북도 청주시 서원구 1순환로672번길 35,43,43112,43112102,14188574.08554,4388076.15048,127.45812962676975,36.63301237943871
238296,509010,2025,세븐일레븐청주용암,편의점,,충청북도 청주시 상당구 용암동 1628,충청북도 청주시 상당구 월평로184번길 45,43,43111,43111124,14193583.2097,4384800.90348,127.50312735470581,36.60939834242022
238297,509010,2025,씨유내수다움점,편의점,,충청북도 청주시 청원구 내수읍 내수리 10-13,충청북도 청주시 청원구 내수읍 내수로 707-1,43,43114,43114250,14197055.2624,4400888.48157,127.53431733478693,36.72531783538817
238302,509010,2025,옥화포시즌캠핑장매점,편의점,,충청북도 청주시 상당구 미원면 어암리 76-2,충청북도 청주시 상당구 미원면 운암계원로 821-1,43,43111,43111320,14220236.38028,4385015.20128,127.74255685976173,36.61094361839581
238303,509010,2025,응응스크르,편의점,,충청북도 청주시 청원구 오창읍 각리 646-1,충청북도 청주시 청원구 오창읍 오창중앙로 61,43,43114,43114253,14184647.87225,4398315.24707,127.42285985269365,36.706788054389776
238309,509010,2025,케이제이테크청주,편의점,,충청북도 청주시 청원구 오창읍 용두리 157-3,충청북도 청주시 청원구 오창읍 두릉유리로 474,43,43114,43114253,14180698.58066,4401134.1189,127.38738276272129,36.72708642841123
238310,509010,2025,세븐청주용암수정점,편의점,,충청북도 청주시 상당구 용암동 1628,충청북도 청주시 상당구 월평로184번길 45,43,43111,43111124,14193583.2097,4384800.90348,127.50312735470581,36.60939834242022
238312,509010,2025,세븐일레븐청주용암남부점,편의점,,충청북도 청주시 상당구 용암동 1640,충청북도 청주시 상당구 월평로184번길 75,43,43111,43111124,14193575.21418,4384641.34546,127.5030555297276,36.608247768385375
238313,509010,2025,지에스25뉴오창공단,편의점,,충청북도 청주시 청원구 오창읍 각리 659-5,충청북도 청주시 청원구 오창읍 과학산업4로 8-10,43,43114,43114253,14184460.56675,4396975.93314,127.4211772587589,36.69714192838058
238314,509010,2025,씨유청주대,편의점,,충청북도 청주시 청원구 내덕동 115-129,충청북도 청주시 청원구 안덕벌로52번길 3,43,43114,43114102,14192615.16662,4391522.92112,127.4944312757601,36.657855263421936
238315,509010,2025,지에스25청주두진백로점,편의점,,충청북도 청주시 흥덕구 복대동 2459,충청북도 청주시 흥덕구 증안로 29,43,43113,43113114,14185076.78781,4388602.34323,127.42671286672564,36.636805475381934
238316,509010,2025,세븐일레븐청주뉴현도공단점,편의점,,충청북도 청주시 서원구 현도면 죽전리 355-1,충청북도 청주시 서원구 현도면 죽전1길 71,43,43112,43112320,14184346.143,4369250.37205,127.42014937272386,36.49718269636188
238317,509010,2025,씨유청주방서,편의점,,충청북도 청주시 상당구 방서동 653,충청북도 청주시 상당구 단재로 312,43,43111,43111126,14193224.82295,4383737.93071,127.49990791175385,36.60173291437605
238318,509010,2025,씨유청주용암무지개점,편의점,,충청북도 청주시 상당구 용암동 2083,충청북도 청주시 상당구 무농정로 99,43,43111,43111124,14194553.12986,4384974.56153,127.51184029574809,36.61065057236602
238320,509010,2025,24시편의점,편의점,,충청북도 청주시 흥덕구 오송읍 봉산리 1314,충청북도 청주시 흥덕구 오송읍 오송생명8로 227,43,43113,43113250,14173467.44443,4386556.51724,127.32242436074264,36.62205695240626
238322,509010,2025,지에스25행복1동점,편의점,,충청북도 청주시 흥덕구 향정동 125,충청북도 청주시 흥덕구 2순환로 959,43,43113,43113137,14184987.22249,4390564.14327,127.42590828776667,36.65094559738194
238323,509010,2025,씨유청주뉴복대어울림,편의점,,충청북도 청주시 흥덕구 복대동 309-2,충청북도 청주시 흥덕구 대신로 76,43,43113,43113114,14186072.63305,4389017.33785,127.43565869672396,36.63979686039242
238325,509010,2025,씨유청주사창타운점,편의점,,충청북도 청주시 서원구 사창동 140-20,충청북도 청주시 서원구 사직대로89번길 2,43,43112,43112102,14188503.2899,4388355.46363,127.45749365871505,36.63502585037954
238326,509010,2025,지에스25동남운동점,편의점,,충청북도 청주시 상당구 용암동 3560,충청북도 청주시 상당구 월평로 277,43,43111,43111129,14194619.28926,4384116.90263,127.51243461575024,36.604465886423526
238327,509010,2025,씨유청주예체로점,편의점,,충청북도 청주시 서원구 개신동 1-13,충청북도 청주시 서원구 예체로7번길 45,43,43112,43112109,14189518.74841,4387136.90202,127.46661567771554,36.6262412794225
238329,509010,2025,씨유청주봉명베스트점,편의점,,충청북도 청주시 흥덕구 봉명동 2592,충청북도 청주시 흥덕구 덕암로97번길 9-2,43,43113,43113115,14189230.0333,4390619.89287,127.46402210575448,36.6513473874287
238330,509010,2025,씨유청주사창현대점,편의점,,충청북도 청주시 서원구 사창동 238-1,충청북도 청주시 서원구 사직대로157번길 19-1,43,43112,43112102,14189268.27154,4388465.31254,127.46436560570884,36.635817698389054
238334,509010,2025,씨유청주오송가락로점,편의점,,충청북도 청주시 흥덕구 오송읍 쌍청리 316-7,충청북도 청주시 흥덕구 오송읍 오송가락로 367-3,43,43113,43113250,14175526.83308,4388583.54793,127.34092416374759,36.6366699914095
238337,509010,2025,씨유한국교원대학생회관점,편의점,,충청북도 청주시 흥덕구 강내면 다락리 산7,충청북도 청주시 흥덕구 강내면 태성탑연로 250,43,43113,43113310,14177169.17572,4385290.1221,127.35567757870238,36.61292599442488
238338,509010,2025,씨유청주대기숙사점,편의점,,충청북도 청주시 청원구 내덕동 36,충청북도 청주시 청원구 대성로 298,43,43114,43114101,14192421.40135,4390674.32334,127.49269065272415,36.65173966841954
238340,509010,2025,지에스25봉명초원점,편의점,,충청북도 청주시 흥덕구 봉명동 2098,충청북도 청주시 흥덕구 백봉로224번길 34,43,43113,43113115,14188767.04507,4390146.79731,127.45986301172015,36.647937698399325
238341,509010,2025,씨유청주세영첼시빌점,편의점,,충청북도 청주시 상당구 용담동 421,충청북도 청주시 상당구 수영로 315,43,43111,43111121,14194064.34178,4387988.54335,127.50744943771785,36.632380839398486
238342,509010,2025,세븐일레븐청주뉴,편의점,,충청북도 청주시 흥덕구 봉명동 2580,충청북도 청주시 흥덕구 덕암로71번길 136,43,43113,43113115,14189135.76818,4390510.82421,127.46317530777382,36.65056132239246
238343,509010,2025,세븐일레븐오창샛별점,편의점,,충청북도 청주시 청원구 오창읍 양청리 737-20,충청북도 청주시 청원구 오창읍 양청택지로 76,43,43114,43114253,14184674.45858,4400057.33983,127.42309868175954,36.71933329842759
238344,509010,2025,세븐일레븐청주대캠퍼스점,편의점,,충청북도 청주시 청원구 우암동 237-13,충청북도 청주시 청원구 상당로 249,43,43114,43114101,14191970.52747,4390545.07187,127.48864038374744,36.650808148404224
238345,509010,2025,세븐일레븐오창산업원룸점,편의점,,충청북도 청주시 청원구 오창읍 주성리 539,충청북도 청주시 청원구 오창읍 2산단로 187,43,43114,43114253,14188229.77747,4402516.48928,127.45503665475206,36.73703875941857
238347,509010,2025,청원IC편의점,편의점,,충청북도 청주시 서원구 남이면 부용외천리 488-4,충청북도 청주시 서원구 남이면 청남로 887,43,43112,43112310,14185046.86458,4374081.88374,127.42644406177699,36.53206526739215
238350,509010,2025,스마일24시마트,편의점,,충청북도 청주시 서원구 수곡동 178-7,충청북도 청주시 서원구 구룡산로 331-2,43,43112,43112107,14191171.75001,4386072.97334,127.48146484373717,36.618570633426835
238355,509010,2025,씨유청주호반써밋점,편의점,,충청북도 청주시 상당구 방서동 825,충청북도 청주시 상당구 동남로 2,43,43111,43111126,14193792.24222,4383810.25096,127.50500512578202,36.60225446239677
238356,509010,2025,지에스25오창구룡중앙,편의점,,충청북도 청주시 청원구 오창읍 구룡리 406-7,충청북도 청주시 청원구 오창읍 구룡2길 67-6,43,43114,43114253,14183670.53143,4398923.75819,127.41408025072843,36.711170327376045
238357,509010,2025,씨유청주비하삼일점,편의점,,충청북도 청주시 흥덕구 비하동 200-5,충청북도 청주시 흥덕구 2순환로1136번길 13,43,43113,43113138,14184763.3404,4388130.10619,127.42389712073353,36.63340133140675
238358,509010,2025,지에스25,편의점,,충청북도 청주시 흥덕구 봉명동 1778,충청북도 청주시 흥덕구 과상미로 11,43,43113,43113115,14188961.81199,4389560.99598,127.46161263273116,36.64371550840876
238362,509010,2025,지에스25용암,편의점,,충청북도 청주시 상당구 용암동 2406,충청북도 청주시 상당구 용암북로80번길 21-1,43,43111,43111124,14194157.5408,4386008.7938,127.50828665875929,36.61810789141066
238363,509010,2025,세븐일레븐청주우암덕일점,편의점,,충청북도 청주시 청원구 우암동 353-2,충청북도 청주시 청원구 향군로74번길 26,43,43114,43114101,14191593.97772,4390761.53427,127.4852577797904,36.65236819437699
238364,509010,2025,씨유청주비하원룸점,편의점,,충청북도 청주시 흥덕구 비하동 721,충청북도 청주시 흥덕구 비하로56번길 4,43,43113,43113138,14184861.15105,4387930.27393,127.42477576875208,36.63196078542627
238365,509010,2025,세븐일레븐청주가경,편의점,,충청북도 청주시 흥덕구 가경동 1026,충청북도 청주시 흥덕구 2순환로1219번길 15,43,43113,43113113,14185473.07351,4387339.34039,127.43027276173801,36.627700720397876
238366,509010,2025,세븐일레븐오창,편의점,,충청북도 청주시 청원구 오창읍 주성리 564,충청북도 청주시 청원구 오창읍 2산단4로 60,43,43114,43114253,14187733.42434,4402613.05575,127.45057783872144,36.73773393840009
238368,509010,2025,에스엠편의점,편의점,,충청북도 청주시 상당구 북문로2가 116-142,충청북도 청주시 상당구 상당로 178,43,43111,43111103,14192103.26706,4389614.54699,127.48983280377266,36.644101489384994
238370,509010,2025,세븐일레븐청주오송,편의점,,충청북도 청주시 흥덕구 오송읍 만수리 530,충청북도 청주시 흥덕구 오송읍 오송생명로 210,43,43113,43113250,14174540.69957,4387695.58726,127.3320655757042,36.630268947429435
238373,509010,2025,세븐일레븐청주,편의점,,충청북도 청주시 청원구 율량동 2036,충청북도 청주시 청원구 율량로190번길 45,43,43114,43114103,14192825.60331,4392562.51004,127.49632166071005,36.665346613413405
238374,509010,2025,25오창,편의점,,충청북도 청주시 청원구 오창읍 각리 649-2,충청북도 청주시 청원구 오창읍 오창중앙로 123-6,43,43114,43114253,14183946.94964,4398665.59635,127.41656335775728,36.7093111714017
238375,509010,2025,씨유청주영운점,편의점,,충청북도 청주시 상당구 영운동 171-20,충청북도 청주시 상당구 영운로21번길 4,43,43111,43111119,14192922.85269,4385984.7212,127.49719526675442,36.617934324423025
238376,509010,2025,씨유청주사직,편의점,,충청북도 청주시 서원구 사직동 936,충청북도 청주시 서원구 창직로 60,43,43112,43112101,14189704.63794,4387736.67666,127.46828555177537,36.63056516040856
238377,509010,2025,세븐청주뉴율량점,편의점,,충청북도 청주시 청원구 주중동 906,충청북도 청주시 청원구 율량로 16,43,43114,43114106,14191925.4974,4393667.97174,127.48823587174613,36.67331184737885
238378,509010,2025,세븐일레븐청주비하,편의점,,충청북도 청주시 흥덕구 비하동 308-4,충청북도 청주시 흥덕구 2순환로1050번길 16-2,43,43113,43113138,14184467.15063,4389203.40863,127.42123640275923,36.641138067395964
238380,509010,2025,지에스25율량파크,편의점,,충청북도 청주시 청원구 율량동 801,충청북도 청주시 청원구 공항로138번길 27,43,43114,43114103,14191683.48938,4393208.50413,127.48606187671336,36.670001324425904
238381,509010,2025,세븐일레븐청주뉴미래점,편의점,,충청북도 청주시 청원구 주중동 903,충청북도 청주시 청원구 율량로 7,43,43114,43114106,14191870.75615,4393576.71503,127.48774412273058,36.67265434243523
238383,509010,2025,씨유청주분평,편의점,,충청북도 청주시 서원구 분평동 244-8,충청북도 청주시 서원구 청남로1995번길 8,43,43112,43112106,14191413.90263,4385013.76122,127.48364013773381,36.61093323439758
238384,509010,2025,세븐일레븐청주용암천사점,편의점,,충청북도 청주시 상당구 용암동 2363,충청북도 청주시 상당구 낙영로24번길 17,43,43111,43111124,14194288.91594,4385890.88382,127.5094668217216,36.617257739377216
238385,509010,2025,세븐일레븐청주복대,편의점,,충청북도 청주시 흥덕구 복대동 830-20,충청북도 청주시 흥덕구 월명로13번길 42,43,43113,43113114,14187757.95849,4388467.90962,127.45079823274075,36.635836419392405
238386,509010,2025,지에스25오창,편의점,,충청북도 청주시 청원구 오창읍 구룡리 425-2,충청북도 청주시 청원구 오창읍 구룡택지1로 15,43,43114,43114253,14183791.72685,4398858.34441,127.41516896771007,36.71069925341163
238387,509010,2025,씨유오창,편의점,,충청북도 청주시 청원구 오창읍 장대리 330-1,충청북도 청주시 청원구 오창읍 복현3길 22,43,43114,43114253,14188098.30648,4403416.19732,127.45385563075453,36.74351548538606
238391,509010,2025,오창홈마트,편의점,,충청북도 청주시 청원구 오창읍 각리 646-1,충청북도 청주시 청원구 오창읍 오창중앙로 61,43,43114,43114253,14184647.87225,4398315.24707,127.42285985269365,36.706788054389776
238392,509010,2025,세븐청주오창한별점,편의점,,충청북도 청주시 청원구 오창읍 양청리 769-1,충청북도 청주시 청원구 오창읍 양청1길 27,43,43114,43114253,14184991.40654,4400202.09807,127.42594587372734,36.720375646402715
238393,509010,2025,세븐일레븐청주내덕점,편의점,,충청북도 청주시 청원구 내덕동 165-43,충청북도 청주시 청원구 안덕벌로39번길 4,43,43114,43114102,14192463.46865,4391519.94197,127.4930685497097,36.6578337944124
238396,509010,2025,씨유청주신사천,편의점,,충청북도 청주시 청원구 사천동 718,충청북도 청주시 청원구 사뜸로 100-1,43,43114,43114104,14190859.67239,4393243.34418,127.47866140277799,36.67025235643699
238397,509010,2025,세븐일레븐강서,편의점,,충청북도 청주시 흥덕구 강서동 498,충청북도 청주시 흥덕구 서현동로 21,43,43113,43113117,14185376.25071,4386844.74517,127.42940298772697,36.62413498138653
238399,509010,2025,씨유청주북문점,편의점,,충청북도 청주시 상당구 북문로1가 17-4,충청북도 청주시 상당구 상당로81번길 9-1,43,43111,43111102,14192113.88126,4388416.85904,127.48992815275355,36.63546842139271
238400,509010,2025,씨유성화주공,편의점,,충청북도 청주시 서원구 성화동 619,충청북도 청주시 서원구 장전로 80,43,43112,43112108,14188481.68479,4385835.91143,127.45729957670974,36.616861375414345
238402,509010,2025,씨유,편의점,,충청북도 청주시 청원구 오창읍 화산리(華山) 278-4,충청북도 청주시 청원구 오창읍 중부로 1559,43,43114,43114253,14192434.15244,4406386.46658,127.49280519771452,36.76489367442122
238404,509010,2025,바른컨설팅,편의점,,충청북도 청주시 서원구 모충동 562,충청북도 청주시 서원구 무심서로413번길 5,43,43112,43112103,14191260.89911,4387427.83508,127.48226568372823,36.628338697374915
238406,509010,2025,세븐일레븐청주용암세원점,편의점,,충청북도 청주시 상당구 용암동 2064,충청북도 청주시 상당구 무농정로 116-6,43,43111,43111124,14194748.58362,4384996.40313,127.5135960867478,36.61080806840844
238407,509010,2025,지에스25오송생명,편의점,,충청북도 청주시 흥덕구 오송읍 만수리 477,충청북도 청주시 흥덕구 오송읍 오송생명4로 158,43,43113,43113250,14175099.25681,4389838.82538,127.33708318076239,36.64571800542496
238411,509010,2025,씨유청주가경아이파크,편의점,,충청북도 청주시 흥덕구 가경동 2270,충청북도 청주시 흥덕구 서현로 60,43,43113,43113113,14185313.49602,4385930.43554,127.42883925275513,36.61754291539357
238412,509010,2025,세븐충북대정문점,편의점,,충청북도 청주시 흥덕구 복대동 872-15,충청북도 청주시 흥덕구 충대로 2,43,43113,43113114,14188032.66883,4388040.88989,127.45326599771238,36.63275819442087
238414,509010,2025,세븐청주뉴용암제일점,편의점,,충청북도 청주시 상당구 용암동 1864,충청북도 청주시 상당구 무농정로51번길 21,43,43111,43111124,14194028.40039,4384577.80771,127.50712657071811,36.6077895924326
238416,509010,2025,씨유청주가경대원점,편의점,,충청북도 청주시 흥덕구 가경동 1511,충청북도 청주시 흥덕구 가경로 116,43,43113,43113113,14186401.63502,4387021.15632,127.43861417170595,36.62540682036669
238417,509010,2025,편의점사랑청주점,편의점,,충청북도 청주시 흥덕구 가경동 1451-7,충청북도 청주시 흥덕구 풍년로142번길 3,43,43113,43113113,14185865.86378,4387020.709,127.43380125676842,36.62540359543261
238419,509010,2025,지에스25모충타운점,편의점,,충청북도 청주시 서원구 모충동 117-5,충청북도 청주시 서원구 청남로 2124,43,43112,43112103,14191912.42204,4386506.21617,127.48811841378878,36.62169429242393
238421,509010,2025,오창점,편의점,,충청북도 청주시 청원구 오창읍 각리 652-4,충청북도 청주시 청원구 오창읍 과학산업5로 108-3,43,43114,43114253,14183889.14187,4398483.98966,127.41604406172388,36.70800330142147
238422,509010,2025,세븐청주가경센터점,편의점,,충청북도 청주시 흥덕구 가경동 1043,충청북도 청주시 흥덕구 풍년로 182,43,43113,43113113,14185629.74879,4387428.86918,127.43168019972488,36.628346152389774
238423,509010,2025,씨유현대오일뱅크서오창IC점,편의점,,충청북도 청주시 청원구 오창읍 구룡리 132,충청북도 청주시 청원구 오창읍 오창대로 149,43,43114,43114253,14183722.98495,4399942.40767,127.41455144871571,36.718505706420075
238424,509010,2025,이마트24청주,편의점,,충청북도 청주시 서원구 분평동 343-23,충청북도 청주시 서원구 청남로2005번길 100,43,43112,43112106,14190951.69598,4384865.27186,127.47948806475206,36.609862498414344
238426,509010,2025,지에스25양청중앙,편의점,,충청북도 청주시 청원구 오창읍 양청리 765-8,충청북도 청주시 청원구 오창읍 양청길 41-4,43,43114,43114253,14185037.05421,4399884.68069,127.42635593372384,36.71809002838982
238428,509010,2025,이마트24R청주장원점,편의점,,충청북도 청주시 흥덕구 가경동 1593,충청북도 청주시 흥덕구 서경로16번길 4,43,43113,43113113,14186731.85038,4385904.88549,127.44158054675574,36.617358694411394
238429,509010,2025,씨유청주우암월드점,편의점,,충청북도 청주시 청원구 우암동 392-1,충청북도 청주시 청원구 직지대로 845,43,43114,43114101,14191498.78085,4390295.2041,127.48440261175708,36.64900731040751
238430,509010,2025,세븐일레븐충북대뉴,편의점,,충청북도 청주시 서원구 사창동 413,충청북도 청주시 서원구 1순환로672번길 35,43,43112,43112102,14188574.08554,4388076.15048,127.45812962676975,36.63301237943871
238436,509010,2025,씨유청주서원대,편의점,,충청북도 청주시 서원구 모충동 247-21,충청북도 청주시 서원구 남들로35번길 19,43,43112,43112103,14191362.42761,4386484.87344,127.48317772976158,36.62154041537886
238438,509010,2025,지에스25청주백봉로점,편의점,,충청북도 청주시 흥덕구 봉명동 2641,충청북도 청주시 흥덕구 백봉로267번길 17,43,43113,43113115,14189347.56442,4390469.90882,127.46507790576919,36.65026644040476
238439,509010,2025,CU오창공단점,편의점,,충청북도 청주시 청원구 오창읍 각리 655-3,충청북도 청주시 청원구 오창읍 과학산업3로 70,43,43114,43114253,14184343.08183,4397071.42361,127.42012187376588,36.69782971842211
238440,509010,2025,씨유청주개신,편의점,,충청북도 청주시 서원구 개신동 630,충청북도 청주시 서원구 경신로 32-15,43,43112,43112109,14187254.35423,4386329.02224,127.44627427870107,36.62041674840429
238442,509010,2025,씨유오창3산업단지점,편의점,,충청북도 청주시 청원구 오창읍 성재리 963,충청북도 청주시 청원구 오창읍 두릉유리로 48-2,43,43114,43114253,14176286.15479,4402092.43096,127.34774526672511,36.73398590238035
238445,509010,2025,이마트24청주하이닉스,편의점,,충청북도 청주시 흥덕구 외북동 322,충청북도 청주시 흥덕구 엘지로 35,43,43113,43113136,14186026.99763,4391995.32756,127.43524874677108,36.66125954742839
238446,509010,2025,이마트24신봉센터,편의점,,충청북도 청주시 흥덕구 신봉동 216-3,충청북도 청주시 흥덕구 사운로361번길 1,43,43113,43113105,14189545.89779,4391567.93524,127.46685956474566,36.65817965339894
238452,509010,2025,GS25비하청향점,편의점,,충청북도 청주시 흥덕구 비하동 673-1,충청북도 청주시 흥덕구 청향로5번길 6,43,43113,43113138,14184555.11974,4388711.46413,127.42202664271979,36.63759205737538
238455,509010,2025,GS25청주,편의점,,충청북도 청주시 흥덕구 신봉동 181-3,충청북도 청주시 흥덕구 사운로341번길 23,43,43113,43113105,14189602.28835,4391287.27911,127.46736612976501,36.65615710936951
238456,509010,2025,세븐일레븐청주롯데,편의점,,충청북도 청주시 흥덕구 비하동 811,충청북도 청주시 흥덕구 2순환로 1004,43,43113,43113138,14184524.23615,4389764.48435,127.4217492107105,36.645182186417365
238458,509010,2025,세븐일레븐청주옥산,편의점,,충청북도 청주시 흥덕구 옥산면 신촌리 159,충청북도 청주시 흥덕구 옥산면 오송가락로 603,43,43113,43113320,14177506.64811,4390473.52788,127.35870914476187,36.6502925234378
238462,509010,2025,세븐일레븐청주금천,편의점,,충청북도 청주시 상당구 금천동 427,충청북도 청주시 상당구 영운천로145번길 35,43,43111,43111120,14194527.58504,4386740.92403,127.51161082272567,36.623386471423764
238467,509010,2025,GS25산남주공,편의점,,충청북도 청주시 서원구 수곡동 340,충청북도 청주시 서원구 매봉로 84,43,43112,43112107,14190847.34531,4385944.36028,127.47855066673425,36.61764331537498
238468,509010,2025,씨유청주복대,편의점,,충청북도 청주시 흥덕구 복대동 221-8,충청북도 청주시 흥덕구 죽천로124번길 6,43,43113,43113114,14186153.22836,4388711.23662,127.43638269671207,36.63759041741129
238469,509010,2025,씨스페이스,편의점,,충청북도 청주시 상당구 금천동 174-1,충청북도 청주시 상당구 쇠내로91번길 7,43,43111,43111120,14193636.85412,4386986.3797,127.50360925072981,36.62515609943472
238472,509010,2025,씨유청주,편의점,,충청북도 청주시 상당구 북문로2가 63-3,충청북도 청주시 상당구 사직대로 363-1,43,43111,43111103,14191880.76722,4388630.02573,127.4878340537025,36.63700502138081
238474,509010,2025,씨유청주,편의점,,충청북도 청주시 서원구 죽림동 315,충청북도 청주시 서원구 용호로5번길 76,43,43112,43112110,14187154.40692,4385728.87082,127.44537643673915,36.616089581396025
238478,509010,2025,편의마트,편의점,,충청북도 청주시 청원구 내덕동 405-17,충청북도 청주시 청원구 충청대로 27,43,43114,43114102,14192143.92316,4391769.44026,127.49019802373293,36.65963176341717
238479,509010,2025,GS25청주,편의점,,충청북도 청주시 흥덕구 복대동 993,충청북도 청주시 흥덕구 복대로 147,43,43113,43113114,14186632.14095,4387607.75701,127.44068484170622,36.6296357764197
238481,509010,2025,지에스25서원대,편의점,,충청북도 청주시 서원구 모충동 231,충청북도 청주시 서원구 무심서로 377-3,43,43112,43112103,14191243.41739,4387097.36567,127.48210864276551,36.62595624639144
238485,509010,2025,지에스25남일신송점,편의점,,충청북도 청주시 상당구 남일면 신송리 78-2,충청북도 청주시 상당구 남일면 신송효촌길 5,43,43111,43111340,14192579.93255,4380993.15975,127.49411476272402,36.58193599239711
238486,509010,2025,지에스25청주원마루점,편의점,,충청북도 청주시 서원구 분평동 1265,충청북도 청주시 서원구 원마루로 24,43,43112,43112106,14192726.63795,4384938.48381,127.49543263975504,36.61039042139246
238487,509010,2025,이마트24청주,편의점,,충청북도 청주시 상당구 남문로2가 68,충청북도 청주시 상당구 성안로 50,43,43111,43111106,14192007.40294,4388000.06371,127.48897164173059,36.63246388737084
238488,509010,2025,씨유모충조운점,편의점,,충청북도 청주시 서원구 모충동 455-17,충청북도 청주시 서원구 쌍샘로 93,43,43112,43112103,14190287.72175,4387192.54247,127.47352348276053,36.62664241143189
238490,509010,2025,씨유오송봉산원룸,편의점,,충청북도 청주시 흥덕구 오송읍 봉산리 941,충청북도 청주시 흥덕구 오송읍 봉산3길 26-14,43,43113,43113250,14173058.47911,4386701.00147,127.31875056276583,36.62309864338817
238492,509010,2025,씨유청주분평현대점,편의점,,충청북도 청주시 서원구 분평동 1247-1,충청북도 청주시 서원구 1순환로1063번길 61-2,43,43112,43112106,14191610.50688,4384818.29148,127.48540626376104,36.609523726376636
238493,509010,2025,지에스25상당미원점,편의점,,충청북도 청주시 상당구 미원면 미원리 521-2,충청북도 청주시 상당구 미원면 미원시내2길 21-1,43,43111,43111320,14210344.82945,4388064.03714,127.65369954680703,36.6329250574112
238494,509010,2025,세븐청주분평중앙점,편의점,,충청북도 청주시 서원구 분평동 1226,충청북도 청주시 서원구 월평로 4,43,43112,43112106,14191599.19982,4385021.18008,127.48530469071287,36.610986730368296
238495,509010,2025,씨유양청중점,편의점,,충청북도 청주시 청원구 오창읍 양청리 748-8,충청북도 청주시 청원구 오창읍 양청택지로 81,43,43114,43114253,14184723.45763,4399989.78236,127.42353884771482,36.718846838431766
238496,509010,2025,센트럴컨설팅,편의점,,충청북도 청주시 상당구 방서동 826,충청북도 청주시 상당구 동남로 20,43,43111,43111126,14194102.27412,4383738.01599,127.50779018972574,36.60173352938727
238499,509010,2025,이마트24R오창진양점,편의점,,충청북도 청주시 청원구 오창읍 창리 4-14,충청북도 청주시 청원구 오창읍 팔결로 693,43,43114,43114253,14188425.59124,4402940.45722,127.45679567977662,36.740090844432416
238502,509010,2025,씨유청주대사회과학대점,편의점,,충청북도 청주시 청원구 내덕동 36,충청북도 청주시 청원구 대성로 298,43,43114,43114101,14192421.40135,4390674.32334,127.49269065272415,36.65173966841954
238504,509010,2025,지에스25가경,편의점,,충청북도 청주시 흥덕구 강서동 583,충청북도 청주시 흥덕구 서부로 1123,43,43113,43113117,14184948.13922,4384956.3828,127.4255571967787,36.61051948840756
238506,509010,2025,세븐청주용암천사점,편의점,,충청북도 청주시 상당구 용암동 2363,충청북도 청주시 상당구 낙영로24번길 17,43,43111,43111124,14194288.91594,4385890.88382,127.5094668217216,36.617257739377216
238507,509010,2025,씨유청주대법대점,편의점,,충청북도 청주시 청원구 내덕동 36,충청북도 청주시 청원구 대성로 298,43,43114,43114101,14192421.40135,4390674.32334,127.49269065272415,36.65173966841954
238508,509010,2025,지에스25가경대로점,편의점,,충청북도 청주시 흥덕구 가경동 171-55,충청북도 청주시 흥덕구 가경로 123,43,43113,43113113,14186302.98402,4387097.60938,127.43772797469488,36.62595800339552
238512,509010,2025,씨유청주모충,편의점,,충청북도 청주시 서원구 모충동 473,충청북도 청주시 서원구 모충로124번길 53,43,43112,43112103,14190644.09429,4387076.40127,127.4767248317562,36.62580510539375
238513,509010,2025,세븐오창부영점,편의점,,충청북도 청주시 청원구 오창읍 주성리 564,충청북도 청주시 청원구 오창읍 2산단4로 60,43,43114,43114253,14187733.42434,4402613.05575,127.45057783872144,36.73773393840009
238514,509010,2025,씨유오송파라곤원룸,편의점,,충청북도 청주시 흥덕구 오송읍 봉산리 805,충청북도 청주시 흥덕구 오송읍 봉산3길 2-1,43,43113,43113250,14172778.56168,4386601.66039,127.31623602170887,36.622382423433166
238515,509010,2025,지에스25옥산사거리,편의점,,충청북도 청주시 흥덕구 옥산면 오산리 249-1,충청북도 청주시 흥덕구 옥산면 오산5길 1,43,43113,43113320,14178769.95,4392735.35887,127.37005757872588,36.66659210340438
238516,509010,2025,씨유청주대예대점,편의점,,충청북도 청주시 청원구 내덕동 36,충청북도 청주시 청원구 대성로 298,43,43114,43114101,14192421.40135,4390674.32334,127.49269065272415,36.65173966841954
238517,509010,2025,씨유내수진흥점,편의점,,충청북도 청주시 청원구 내수읍 마산리 7-3,충청북도 청주시 청원구 내수읍 마산3길 3,43,43114,43114250,14197569.2423,4400186.07517,127.53893449478659,36.72026027240679
238518,509010,2025,세븐일레븐충북대,편의점,,충청북도 청주시 흥덕구 복대동 872-15,충청북도 청주시 흥덕구 충대로 2,43,43113,43113114,14188032.66883,4388040.88989,127.45326599771238,36.63275819442087
238520,509010,2025,이마트24오송봉산,편의점,,충청북도 청주시 흥덕구 오송읍 봉산리 1081,충청북도 청주시 흥덕구 오송읍 봉산2길 19-2,43,43113,43113250,14172932.86174,4386300.60561,127.31762212273146,36.620211866415566
238521,509010,2025,씨유청주용암시티점,편의점,,충청북도 청주시 상당구 용암동 2333,충청북도 청주시 상당구 낙영로12번길 25,43,43111,43111124,14194218.27861,4385765.86768,127.50883227578984,36.616356340421056
238522,509010,2025,세븐일레븐청주축구장점,편의점,,충청북도 청주시 서원구 사직동 808,충청북도 청주시 서원구 사직대로 229,43,43112,43112101,14190276.56386,4388569.5311,127.47342324972925,36.63656895238782
238523,509010,2025,씨유청주내수,편의점,,충청북도 청주시 청원구 내수읍 비중리 249-2,충청북도 청주시 청원구 내수읍 초정약수로 555,43,43114,43114250,14201046.24247,4399379.94258,127.57016891874692,36.71445543544266
238526,509010,2025,지에스25청주트릴로채점,편의점,,충청북도 청주시 서원구 모충동 366-6,충청북도 청주시 서원구 모충로140번길 22,43,43112,43112103,14190822.25724,4387372.56474,127.47832529676691,36.627940242398225
238527,509010,2025,이마트24오창용두영스점,편의점,,충청북도 청주시 청원구 오창읍 용두리 96-8,충청북도 청주시 청원구 오창읍 용두길 85,43,43114,43114253,14181071.88133,4401523.78985,127.39073617969609,36.72989198242971
238528,509010,2025,씨유청주,편의점,,충청북도 청주시 흥덕구 운천동 1372,충청북도 청주시 흥덕구 사운로 226,43,43113,43113104,14190571.94957,4390232.2546,127.47607674470967,36.648553616396164
238529,509010,2025,씨유청주용암,편의점,,충청북도 청주시 상당구 용암동 1448,충청북도 청주시 상당구 월평로150번길 21,43,43111,43111124,14193374.17608,4384904.8073,127.50124957374814,36.61014758438851
238530,509010,2025,이마트24R청주복대,편의점,,충청북도 청주시 흥덕구 복대동 64-21,충청북도 청주시 흥덕구 산단로28번길 56,43,43113,43113114,14187727.57818,4388620.61695,127.45052532177262,36.636937199370585
238531,509010,2025,씨유청주율량공원점,편의점,,충청북도 청주시 청원구 주성동 414,충청북도 청주시 청원구 율량로138번길 52-18,43,43114,43114105,14193101.34526,4393355.84037,127.49879869279195,36.67106291641099
238535,509010,2025,씨유청주개신현대점,편의점,,충청북도 청주시 서원구 개신동 266-11,충청북도 청주시 서원구 성봉로 230-22,43,43112,43112109,14187773.45683,4387004.32358,127.45093745669777,36.62528546536672
238540,509010,2025,지에스25청주우성점,편의점,,충청북도 청주시 상당구 탑동 5-40,충청북도 청주시 상당구 용담로63번길 35,43,43111,43111117,14193197.50938,4388030.29807,127.49966254977988,36.632681840402675
238543,509010,2025,영할인마트,편의점,,충청북도 청주시 상당구 금천동 83-11,충청북도 청주시 상당구 꽃산동로 33,43,43111,43111120,14194190.05277,4386750.42852,127.50857871875502,36.62345499539523
238544,509010,2025,씨유청주대경,편의점,,충청북도 청주시 청원구 내덕동 36,충청북도 청주시 청원구 대성로 298,43,43114,43114101,14192421.40135,4390674.32334,127.49269065272415,36.65173966841954
238545,509010,2025,씨유청주봉명예술,편의점,,충청북도 청주시 흥덕구 봉명동 1048,충청북도 청주시 흥덕구 예체로167번길 3,43,43113,43113115,14189734.79372,4389197.07441,127.46855644575616,36.641092410421834
238546,509010,2025,지에스25상당,편의점,,충청북도 청주시 상당구 금천동 275,충청북도 청주시 상당구 중고개로 288-1,43,43111,43111120,14194274.87722,4387528.25138,127.50934070975414,36.629062613369044
238547,509010,2025,세븐일레븐청주뉴가경원룸점,편의점,,충청북도 청주시 흥덕구 가경동 1098,충청북도 청주시 흥덕구 풍산로47번길 61,43,43113,43113113,14185923.10003,4387643.87301,127.43431541875032,36.62989613841912
238548,509010,2025,더달콤25가경,편의점,,충청북도 청주시 흥덕구 가경동 1695,충청북도 청주시 흥덕구 2순환로1375번길 20,43,43113,43113113,14186709.48206,4385472.31164,127.44137960871836,36.61423968342879
238552,509010,2025,한빛할인마트,편의점,,충청북도 청주시 흥덕구 봉명동 221,충청북도 청주시 흥덕구 봉명로142번길 3,43,43113,43113115,14188503.50085,4388897.24644,127.45749555371115,36.63893122341705
238553,509010,2025,지에스25오창주성점,편의점,,충청북도 청주시 청원구 오창읍 주성리 580,충청북도 청주시 청원구 오창읍 2산단로 138,43,43114,43114253,14187813.41563,4402034.60637,127.45129641270556,36.73356960540688
238556,509010,2025,씨유청주창신점,편의점,,충청북도 청주시 서원구 사창동 296-5,충청북도 청주시 서원구 내수동로 145,43,43112,43112102,14189150.76547,4388262.50201,127.46331003072211,36.63435572837179
238558,509010,2025,지에스25지웰시그니처,편의점,,충청북도 청주시 흥덕구 복대동 288-21,충청북도 청주시 흥덕구 대농로 62,43,43113,43113114,14185358.51128,4389262.35204,127.42924363171595,36.64156292941946
238559,509010,2025,지에스25가경,편의점,,충청북도 청주시 흥덕구 가경동 1815,충청북도 청주시 흥덕구 서현서로25번길 1,43,43113,43113113,14185144.13722,4386214.19625,127.42731787676952,36.619588857403535
238560,509010,2025,씨유청주,편의점,,충청북도 청주시 청원구 내덕동 50-1,충청북도 청주시 청원구 덕벌로31번길 2,43,43114,43114102,14192479.08288,4391082.98899,127.49320881472431,36.65468486238759
238563,509010,2025,세븐일레븐청주병암점,편의점,,충청북도 청주시 상당구 가덕면 병암리 238-9,충청북도 청주시 상당구 가덕면 단재로 1418,43,43111,43111330,14201646.46559,4380319.60164,127.57556081477344,36.577077114376216
238564,509010,2025,세븐일레븐청주서문점,편의점,,충청북도 청주시 상당구 서문동 227-1,충청북도 청주시 상당구 무심동로392번길 4,43,43111,43111109,14191562.21259,4388419.17616,127.48497242877255,36.63548512438548
238565,509010,2025,위트비어사창점,편의점,,충청북도 청주시 서원구 사창동 183-5,충청북도 청주시 서원구 천수로 23,43,43112,43112102,14188930.72547,4388727.65475,127.46133337777069,36.637708764399406
238566,509010,2025,씨유청주가마힐데스점,편의점,,충청북도 청주시 서원구 남이면 가마리 378,충청북도 청주시 서원구 남이면 2순환로 1717,43,43112,43112310,14189935.86845,4383293.75087,127.47036273078851,36.59852956940503
238567,509010,2025,세븐일레븐오송바이오,편의점,,충청북도 청주시 흥덕구 오송읍 정중리 747,충청북도 청주시 흥덕구 오송읍 오송생명11로 121,43,43113,43113250,14171990.82968,4386610.85171,127.309159704754,36.62244869042514
238568,509010,2025,세븐일레븐충북대월드점,편의점,,충청북도 청주시 서원구 사창동 464,충청북도 청주시 서원구 1순환로674번길 72,43,43112,43112102,14188461.10638,4387908.0561,127.45711471770748,36.63180062040521
238569,509010,2025,이마트24청주복대원룸점,편의점,,충청북도 청주시 흥덕구 복대동 1585,충청북도 청주시 흥덕구 내수동로42번길 48,43,43113,43113114,14187707.05587,4387801.90181,127.45034096672521,36.631035365374316
238570,509010,2025,이마트24R청주봉명,편의점,,충청북도 청주시 흥덕구 봉명동 2371-2,충청북도 청주시 흥덕구 월명로236번길 91,43,43113,43113115,14188699.59515,4391254.02317,127.45925709877959,36.65591744743486
238571,509010,2025,지에스25청주석곡점,편의점,,충청북도 청주시 흥덕구 강서동 283-5,충청북도 청주시 흥덕구 서부로 1095,43,43113,43113117,14184701.85063,4384863.19514,127.42334474873137,36.60984752337182
238572,509010,2025,씨유청주개신,편의점,,충청북도 청주시 서원구 개신동 52-3,충청북도 청주시 서원구 모충로 3,43,43112,43112109,14189259.20123,4386965.52287,127.4642841257278,36.625005732393255
238573,509010,2025,지에스25남이그린힐점,편의점,,충청북도 청주시 서원구 남이면 척북리 74-12,충청북도 청주시 서원구 남이면 저산척북로 636-30,43,43112,43112310,14184807.77747,4379762.93407,127.4242963057252,36.57306122439109
238574,509010,2025,씨유오창스타레이크점,편의점,,충청북도 청주시 청원구 오창읍 송대리 318-6,충청북도 청주시 청원구 오창읍 중부로 902,43,43114,43114253,14187113.56959,4400415.31476,127.44500958876208,36.72191091138003
238583,509010,2025,세븐일레븐청주율량대창점,편의점,,충청북도 청주시 청원구 율량동 1306,충청북도 청주시 청원구 율봉로116번길 7,43,43114,43114103,14191272.24791,4392856.09589,127.48236763173321,36.66746208142655
238584,509010,2025,지에스25청주우암점,편의점,,충청북도 청주시 청원구 우암동 324-1,충청북도 청주시 청원구 향군로42번길 30,43,43114,43114101,14191852.26454,4390422.86038,127.48757800977165,36.649927355414675
238585,509010,2025,씨유청주뉴용암형석점,편의점,,충청북도 청주시 상당구 용암동 2088,충청북도 청주시 상당구 월평로 209,43,43111,43111124,14194039.17389,4384707.50264,127.50722335071528,36.60872483037134
238586,509010,2025,대건씨앤아이,편의점,,충청북도 청주시 상당구 남문로1가 51-1,충청북도 청주시 상당구 상당로29번길 17-1,43,43111,43111105,14192123.0246,4387781.77374,127.49001028877426,36.63089026339292
238589,509010,2025,씨유청주산남운정,편의점,,충청북도 청주시 서원구 산남동 498,충청북도 청주시 서원구 산남로24번길 3,43,43112,43112104,14190015.57754,4385125.19103,127.47107876972692,36.61173672939101
238592,509010,2025,지에스25상당고은점,편의점,,충청북도 청주시 상당구 남일면 고은리 501-1,충청북도 청주시 상당구 남일면 단재로 694,43,43111,43111340,14194390.93603,4379250.89502,127.51038328378309,36.569367107371384
238593,509010,2025,세븐청주봉명빌리지점,편의점,,충청북도 청주시 흥덕구 봉명동 170-4,충청북도 청주시 흥덕구 1순환로570번길 46,43,43113,43113115,14188701.23778,4389425.87396,127.45927185477593,36.642741577392535
238595,509010,2025,세븐청주봉명서원점,편의점,,충청북도 청주시 흥덕구 봉명동 2344-1,충청북도 청주시 흥덕구 월명로236번길 51,43,43113,43113115,14188458.34566,4391259.52937,127.45708991773775,36.6559571284139
238596,509010,2025,세븐율량주성점,편의점,,충청북도 청주시 청원구 율량동 2120,충청북도 청주시 청원구 율량로189번길 15,43,43114,43114103,14193217.87505,4392620.93948,127.49984549770623,36.665767638377744
238597,509010,2025,응응스크르청주,편의점,,충청북도 청주시 청원구 율량동 2372,충청북도 청주시 청원구 율중로79번길 34,43,43114,43114103,14194266.91743,4391861.40244,127.50926920574398,36.66029446337684
238600,509010,2025,이마트24청주내수점,편의점,,충청북도 청주시 청원구 내수읍 마산리 35-7,충청북도 청주시 청원구 내수읍 충청대로 833,43,43114,43114250,14197539.90571,4399660.57837,127.53867095971475,36.71647630043376
238601,509010,2025,세븐청주오송본점,편의점,,충청북도 청주시 흥덕구 오송읍 연제리 715,충청북도 청주시 흥덕구 오송읍 오송생명로 186,43,43113,43113250,14174265.17214,4387814.41949,127.32959047068823,36.63112560439858
238602,509010,2025,세븐일레븐청주내수,편의점,,충청북도 청주시 청원구 내수읍 학평리 157,충청북도 청주시 청원구 내수읍 청암로 106,43,43114,43114250,14197844.10003,4400779.50712,127.54140358378511,36.72453320442091
238605,509010,2025,지에스25성화LH점,편의점,,충청북도 청주시 서원구 성화동 619,충청북도 청주시 서원구 신성화로 11,43,43112,43112108,14188640.46056,4385722.95167,127.45872588371932,36.6160469023727
238606,509010,2025,씨유청주강서점,편의점,,충청북도 청주시 흥덕구 비하동 76,충청북도 청주시 흥덕구 가로수로1154번길 6-1,43,43113,43113138,14184861.73971,4387148.00381,127.42478105677485,36.62632131638493
238607,509010,2025,씨유청주,편의점,,충청북도 청주시 서원구 장암동 326-1,충청북도 청주시 서원구 가장로 399,43,43112,43112112,14191778.46829,4382677.20863,127.48691508677868,36.59408295742395
238608,509010,2025,지에스25봉산,편의점,,충청북도 청주시 흥덕구 오송읍 봉산리 1423,충청북도 청주시 흥덕구 오송읍 봉산1길 25-1,43,43113,43113250,14173425.62837,4386291.16906,127.3220487206844,36.620143829405094
238609,509010,2025,세븐일레븐청주봉명푸른점,편의점,,충청북도 청주시 흥덕구 봉명동 1855,충청북도 청주시 흥덕구 월명로 122,43,43113,43113115,14188123.39299,4389801.79472,127.45408098670816,36.64545110440337
238610,509010,2025,이마트24오송골드리치점,편의점,,충청북도 청주시 흥덕구 오송읍 만수리 857,충청북도 청주시 흥덕구 오송읍 오송생명5로 275,43,43113,43113250,14173767.67365,4386747.9904,127.32512136571368,36.62343741742838
238611,509010,2025,미니스톱청주내수점,편의점,,충청북도 청주시 청원구 내수읍 내수리 261-49,충청북도 청주시 청원구 내수읍 내수로 585,43,43114,43114250,14196194.16406,4399798.33329,127.52658195678636,36.71746825743414
238612,509010,2025,세븐일레븐청주가경벽산점,편의점,,충청북도 청주시 흥덕구 가경동 762,충청북도 청주시 흥덕구 가경로189번길 60,43,43113,43113113,14185778.10127,4387888.81257,127.43301287272728,36.63166189640001
238615,509010,2025,지에스25청주그랜드점,편의점,,충청북도 청주시 청원구 율량동 2021,충청북도 청주시 청원구 율량로190번길 71,43,43114,43114103,14192651.09921,4392585.35345,127.4947540637081,36.66551121642692
238620,509010,2025,이마트24청주우암,편의점,,충청북도 청주시 청원구 우암동 120-26,충청북도 청주시 청원구 상당로 229,43,43114,43114101,14192000.4733,4390286.31014,127.48890939171532,36.648943209403015
238623,509010,2025,씨유청주가경타운점,편의점,,충청북도 청주시 흥덕구 가경동 1486-1,충청북도 청주시 흥덕구 풍년로108번길 30,43,43113,43113113,14186239.7727,4386670.51677,127.43716013774596,36.62287885837924
238624,509010,2025,지에스25금천,편의점,,충청북도 청주시 상당구 용담동 372,충청북도 청주시 상당구 산성로98번길 23,43,43111,43111121,14193788.94438,4387848.04677,127.50497550078124,36.63136802043621
238625,509010,2025,이마트24청주공항대로점,편의점,,충청북도 청주시 청원구 북이면 대율리 160-1,충청북도 청주시 청원구 북이면 팔결신대로 523,43,43114,43114310,14195662.21674,4402325.20807,127.52180339270664,36.73566171341551
238627,509010,2025,세븐일레븐청주낭성금강점,편의점,,충청북도 청주시 상당구 낭성면 관정리 76-2,충청북도 청주시 상당구 낭성면 관정길 185-41,43,43111,43111310,14208268.80855,4386451.67238,127.63505033375822,36.621301041407584
238629,509010,2025,GS25봉명뉴타운점,편의점,,충청북도 청주시 흥덕구 봉명동 2794-1,충청북도 청주시 흥덕구 덕암로24번길 30,43,43113,43113115,14188402.87015,4390667.2892,127.4565915727524,36.6516889734083
238633,509010,2025,씨유청주지웰점,편의점,,충청북도 청주시 흥덕구 복대동 3202,충청북도 청주시 흥덕구 진재로 109,43,43113,43113114,14185476.40541,4389201.47924,127.43030269270494,36.641124160381175
238637,509010,2025,지에스25청주,편의점,,충청북도 청주시 흥덕구 신봉동 181-3,충청북도 청주시 흥덕구 사운로341번길 23,43,43113,43113105,14189602.28835,4391287.27911,127.46736612976501,36.65615710936951
238638,509010,2025,씨유청주강서타운점,편의점,,충청북도 청주시 흥덕구 강서동 483,충청북도 청주시 흥덕구 강서로 107,43,43113,43113117,14185231.28045,4386950.02249,127.42810069772378,36.62489398241756
238658,509010,2025,세븐일레븐오창,편의점,,충청북도 청주시 청원구 오창읍 양청리 789-6,충청북도 청주시 청원구 오창읍 중심상업1로 8-27,43,43114,43114253,14185280.23865,4399355.46363,127.42854049671726,36.714279159421515
238665,509010,2025,씨유청주파워,편의점,,충청북도 청주시 흥덕구 옥산면 가락리 976,충청북도 청주시 흥덕구 옥산면 오송가락로 1061,43,43113,43113320,14180891.2196,4394053.63067,127.38911326776271,36.6760904593944
238666,509010,2025,지에스25청주3캠퍼스점,편의점,,충청북도 청주시 흥덕구 향정동 55,충청북도 청주시 흥덕구 직지대로 337,43,43113,43113116,14185578.17803,4389773.09484,127.43121693170559,36.64524424741378
238669,509010,2025,CU,편의점,,충청북도 청주시 흥덕구 봉명동 2515,충청북도 청주시 흥덕구 덕암로59번길 10-2,43,43113,43113115,14188873.97301,4390905.62995,127.4608235617483,36.653406675389455
238670,509010,2025,씨유청주복대타운점,편의점,,충청북도 청주시 흥덕구 복대동 3277,충청북도 청주시 흥덕구 대신로67번길 46,43,43113,43113114,14185764.43959,4388920.14083,127.43289014776774,36.63909625037967
238672,509010,2025,지에스25청주대,편의점,,충청북도 청주시 청원구 우암동 227-5,충청북도 청주시 청원구 대성로 293,43,43114,43114101,14192075.90128,4390625.59064,127.48958697278827,36.65138845141287
238675,509010,2025,씨유청주성화휴튼점,편의점,,충청북도 청주시 서원구 성화동 450,충청북도 청주시 서원구 신화로 42,43,43112,43112108,14188273.84518,4386075.06346,127.45543252172638,36.61858570339065
238677,509010,2025,세븐일레븐청주,편의점,,충청북도 청주시 서원구 수곡동 79-10,충청북도 청주시 서원구 청남로 2074,43,43112,43112107,14191775.11045,4385888.10416,127.48688492278876,36.617237697418624
238680,509010,2025,GS25청주영동,편의점,,충청북도 청주시 상당구 영동 104-7,충청북도 청주시 상당구 교서로 2,43,43111,43111101,14191729.7364,4388613.65589,127.48647732076253,36.63688702140446
238683,509010,2025,코리아세븐청주가경주,편의점,,충청북도 청주시 흥덕구 가경동 1453-6,충청북도 청주시 흥덕구 풍산로48번길 6,43,43113,43113113,14186058.93029,4387222.36118,127.43553560273652,36.62685738437428
238685,509010,2025,지에스25율량푸른점,편의점,,충청북도 청주시 청원구 율량동 1201,충청북도 청주시 청원구 사뜸로76번길 46,43,43114,43114103,14191206.54748,4393146.23472,127.4817774347287,36.66955265439558
238686,509010,2025,씨유오창양청점,편의점,,충청북도 청주시 청원구 오창읍 양청리 749-19,충청북도 청주시 청원구 오창읍 양청길 40,43,43114,43114253,14185096.83467,4399861.10229,127.42689295073302,36.717920245383354
238689,509010,2025,대소,편의점,,충청북도 청주시 서원구 사창동 261-4,충청북도 청주시 서원구 사직대로 140,43,43112,43112102,14189071.49186,4388302.71645,127.46259790376712,36.63464561841207
238692,509010,2025,세븐일레븐청주산남원룸점,편의점,,충청북도 청주시 서원구 산남동 823,충청북도 청주시 서원구 두꺼비로28번길 37-1,43,43112,43112104,14189582.1541,4384976.70969,127.4671852607199,36.6106660623947
238693,509010,2025,씨유청주봉명원룸점,편의점,,충청북도 청주시 흥덕구 봉명동 2798-1,충청북도 청주시 흥덕구 덕암로12번길 16,43,43113,43113115,14188242.88612,4390666.10327,127.45515441175857,36.65168042641354
238694,509010,2025,세븐일레븐충청대,편의점,,충청북도 청주시 흥덕구 강내면 월곡리 244-10,충청북도 청주시 흥덕구 강내면 탑연월곡길 62-15,43,43113,43113310,14178275.50957,4386522.15794,127.3656159447717,36.62180922936892
238695,509010,2025,이마트24청주태성,편의점,,충청북도 청주시 흥덕구 강내면 태성리 257-4,충청북도 청주시 흥덕구 강내면 서부로 203,43,43113,43113310,14175625.21435,4381625.75073,127.34180793773284,36.586499065432164
238696,509010,2025,지에스25뉴청주,편의점,,충청북도 청주시 서원구 사창동 211-9,충청북도 청주시 서원구 천수로8번길 25,43,43112,43112102,14188977.83732,4388503.1239,127.4617565907199,36.636090260432134
238697,509010,2025,세븐일레븐청주비하,편의점,,충청북도 청주시 흥덕구 비하동 166-11,충청북도 청주시 흥덕구 비하로63번길 23,43,43113,43113138,14184714.40001,4388010.00199,127.42345748173,36.63253553037285
238698,509010,2025,씨유하복대,편의점,,충청북도 청주시 흥덕구 복대동 2865,충청북도 청주시 흥덕구 진재로15번길 23,43,43113,43113114,14185292.79193,4387941.0998,127.42865326475017,36.63203882738701
238700,509010,2025,지에스25청주효성,편의점,,충청북도 청주시 상당구 금천동 166-6,충청북도 청주시 상당구 단재로57번길 9,43,43111,43111120,14192684.17279,4386820.88499,127.49505116873229,36.62396295942974
238701,509010,2025,지에스25청주,편의점,,충청북도 청주시 청원구 사천동 22-20,충청북도 청주시 청원구 공항로 159-1,43,43114,43114104,14191364.96992,4393304.44264,127.48320056772089,36.6706925854378
238702,509010,2025,세븐일레븐청주수동점,편의점,,충청북도 청주시 상당구 수동 251-1,충청북도 청주시 상당구 교동로 26,43,43111,43111112,14192467.11581,4388634.67339,127.49310131270542,36.63703852343282
238703,509010,2025,지에스25산남,편의점,,충청북도 청주시 서원구 산남동 1102,충청북도 청주시 서원구 산남로 21,43,43112,43112104,14190086.45321,4385071.56972,127.47171545670334,36.611350079376244
238708,509010,2025,세븐일레븐청주,편의점,,충청북도 청주시 흥덕구 가경동 1458-9,충청북도 청주시 흥덕구 경산로 19,43,43113,43113113,14185934.29276,4386800.72617,127.43441596475463,36.623817622437265
242601,509010,2025,세븐일레븐청주공항대로점,편의점,,충청북도 청주시 청원구 주중동 578-3,충청북도 청주시 청원구 공항로 228,43,43114,43114106,14191454.77113,4394202.14241,127.48400726571575,36.67716043639261
242603,509010,2025,로그인청주현도점,편의점,,충청북도 청주시 서원구 현도면 죽전리 69,충청북도 청주시 서원구 현도면 청남로 481,43,43112,43112320,14185009.60338,4369286.77265,127.4261093387223,36.49744556036521
242604,509010,2025,세븐일레븐오창양청원룸점,편의점,,충청북도 청주시 청원구 오창읍 양청리 736-14,충청북도 청주시 청원구 오창읍 양청택지2길 44,43,43114,43114253,14184425.59807,4400017.87366,127.42086312976177,36.71904911538145
242605,509010,2025,이마트24청주석판점,편의점,,충청북도 청주시 서원구 남이면 석판리 3-8,충청북도 청주시 서원구 남이면 대림로 383,43,43112,43112310,14186608.00255,4384167.52028,127.44046800276965,36.604830910419736
242606,509010,2025,세븐일레븐청주영운,편의점,,충청북도 청주시 상당구 영운동 135-44,충청북도 청주시 상당구 수영로137번길 100,43,43111,43111119,14193048.12775,4386456.41715,127.49832063176574,36.62133525043433
242608,509010,2025,씨유용암스타,편의점,,충청북도 청주시 상당구 용암동 2373,충청북도 청주시 상당구 낙영로 33,43,43111,43111124,14194269.20093,4386057.4386,127.50928971877347,36.61845862638289
242609,509010,2025,씨유청주수곡,편의점,,충청북도 청주시 서원구 수곡동 690,충청북도 청주시 서원구 수곡로99번길 19,43,43112,43112107,14189883.01941,4386311.26312,127.4698879797846,36.62028870640881
242612,509010,2025,씨유한국교원대점,편의점,,충청북도 청주시 흥덕구 강내면 월탄리 36-3,충청북도 청주시 흥덕구 강내면 태성탑연로 256,43,43113,43113310,14176945.25824,4384485.70376,127.35366609375544,36.6071254184244
242613,509010,2025,지에스25가경,편의점,,충청북도 청주시 흥덕구 가경동 2010,충청북도 청주시 흥덕구 서현중로32번길 21,43,43113,43113113,14185523.6248,4386521.07733,127.43072687170246,36.621801438394286
242614,509010,2025,이마트24청주영운,편의점,,충청북도 청주시 상당구 영운동 173-17,충청북도 청주시 상당구 단재로 131,43,43111,43111119,14193078.21685,4385969.78838,127.49859092674993,36.61782665639747
242616,509010,2025,GS25옥산,편의점,,충청북도 청주시 흥덕구 옥산면 오산리 543-3,충청북도 청주시 흥덕구 옥산면 청주역로 631,43,43113,43113320,14179369.7383,4392357.61558,127.37544556869788,36.66387018738438
242617,509010,2025,이마트24청주용암,편의점,,충청북도 청주시 상당구 용암동 2219,충청북도 청주시 상당구 낙영로 11,43,43111,43111124,14194082.20389,4385848.66064,127.50760989578207,36.61695330042209
242622,509010,2025,우암우정점,편의점,,충청북도 청주시 청원구 우암동 412-1,충청북도 청주시 청원구 교서로222번길 18,43,43114,43114101,14190773.86009,4391136.77367,127.47789053777132,36.655072472373604
242624,509010,2025,씨유청주우암공원점,편의점,,충청북도 청주시 청원구 우암동 341-1,충청북도 청주시 청원구 향군로15번길 27,43,43114,43114101,14191725.10328,4390021.9814,127.48643570073745,36.64703810139985
242625,509010,2025,씨유청주대명점,편의점,,충청북도 청주시 흥덕구 봉명동 208-36,충청북도 청주시 흥덕구 봉명로159번길 17,43,43113,43113115,14188649.83522,4389111.5656,127.45881009772296,36.64047606139998
242629,509010,2025,지에스25사천동아점,편의점,,충청북도 청주시 청원구 사천동 233-103,충청북도 청주시 청원구 사뜸로61번길 88-26,43,43114,43114104,14190492.5593,4392560.30374,127.47536356978004,36.665330715434315
242630,509010,2025,씨유오창양청,편의점,,충청북도 청주시 청원구 오창읍 양청리 680-16,충청북도 청주시 청원구 오창읍 양청4길 30-1,43,43114,43114253,14186158.67066,4400812.39901,127.4364315857248,36.72477003137906
242631,509010,2025,씨유청주봉정점,편의점,,충청북도 청주시 흥덕구 봉명동 1966,충청북도 청주시 흥덕구 백봉로 186,43,43113,43113115,14188350.71174,4390314.03738,127.45612302578336,36.64914304641257
242632,509010,2025,지에스25금천장자점,편의점,,충청북도 청주시 상당구 금천동 324,충청북도 청주시 상당구 호미로 281,43,43111,43111120,14194397.42807,4387860.14918,127.51044160277064,36.63145526543499
242634,509010,2025,이마트24self팔봉주유소점,편의점,,충청북도 청주시 서원구 남이면 석실리 480,충청북도 청주시 서원구 남이면 남석로 239,43,43112,43112310,14184865.696,4380393.97963,127.4248165967326,36.57761367342222
242635,509010,2025,지에스25수곡목화점,편의점,,충청북도 청주시 서원구 수곡동 19-22,충청북도 청주시 서원구 구룡산로 419,43,43112,43112107,14192228.49659,4386018.52968,127.49095775978103,36.61817808842689
242636,509010,2025,씨유청주성화점,편의점,,충청북도 청주시 서원구 성화동 850,충청북도 청주시 서원구 장전로20번길 54,43,43112,43112108,14187912.30853,4385687.87776,127.4521847827413,36.61579400743122
242637,509010,2025,씨유하복대원룸점,편의점,,충청북도 청주시 흥덕구 복대동 2803,충청북도 청주시 흥덕구 짐대로46번길 21,43,43113,43113114,14185063.80006,4387940.18995,127.42659619578231,36.632032268427295
242639,509010,2025,세븐청주용암남부점,편의점,,충청북도 청주시 상당구 용암동 1640,충청북도 청주시 상당구 월평로184번길 75,43,43111,43111124,14193575.21418,4384641.34546,127.5030555297276,36.608247768385375
242642,509010,2025,씨유기능대점,편의점,,충청북도 청주시 흥덕구 복대동 73-1,충청북도 청주시 흥덕구 봉명로 78-1,43,43113,43113114,14187733.60769,4388761.24592,127.45057948578251,36.63795089943529
242645,509010,2025,GS25청주,편의점,,충청북도 청주시 흥덕구 복대동 2924,충청북도 청주시 흥덕구 짐대로 65,43,43113,43113114,14185360.44223,4387841.31689,127.4292609777349,36.63131950539748
242648,509010,2025,세븐청원오창양청고점,편의점,,충청북도 청주시 청원구 오창읍 양청리 668-8,충청북도 청주시 청원구 오창읍 양청4길 21,43,43114,43114253,14186045.481,4400775.40319,127.43541478570884,36.72450365540614
242650,509010,2025,세븐일레븐청주개신,편의점,,충청북도 청주시 서원구 개신동 638,충청북도 청주시 서원구 성봉로169번길 47-2,43,43112,43112109,14187521.34424,4386159.05701,127.44867269076829,36.61919130243013
242658,509010,2025,씨유청주용암원룸점,편의점,,충청북도 청주시 상당구 용암동 2242,충청북도 청주시 상당구 용암북로68번길 5-3,43,43111,43111124,14193979.68732,4385966.83214,127.50668897376488,36.61780534141543
242659,509010,2025,씨유청주,편의점,,충청북도 청주시 청원구 사천동 22-21,충청북도 청주시 청원구 사뜸로76번길 67,43,43114,43114104,14191327.29418,4393272.1182,127.48286212079003,36.67045968043901
242661,509010,2025,씨유청주남이척산점,편의점,,충청북도 청주시 서원구 남이면 척산리 486,충청북도 청주시 서원구 남이면 외천척산길 78,43,43112,43112310,14186672.15675,4378291.89946,127.44104430975372,36.5624479373887
242662,509010,2025,씨유청주율량올레점,편의점,,충청북도 청주시 청원구 율량동 980,충청북도 청주시 청원구 율봉로176번길 3,43,43114,43114103,14191974.45304,4392994.02976,127.48867564774274,36.66845596037356
242663,509010,2025,스토리웨이오송역1층편의점,편의점,,충청북도 청주시 흥덕구 오송읍 봉산리 370-31,충청북도 청주시 흥덕구 오송읍 오송가락로 123,43,43113,43113250,14174007.38392,4386360.52512,127.32727471970699,36.620643881411276
242667,509010,2025,세븐청주대캠퍼스점,편의점,,충청북도 청주시 청원구 우암동 237-13,충청북도 청주시 청원구 상당로 249,43,43114,43114101,14191970.52747,4390545.07187,127.48864038374744,36.650808148404224
242668,509010,2025,씨유청주오창원룸점,편의점,,충청북도 청주시 청원구 오창읍 주성리 547,충청북도 청주시 청원구 오창읍 2산단3로 12,43,43114,43114253,14188225.9788,4402379.67659,127.45500253071884,36.7360538383865
242669,509010,2025,씨유청주서문,편의점,,충청북도 청주시 상당구 서문동 222-12,충청북도 청주시 상당구 남사로79번길 1,43,43111,43111109,14191427.6143,4387924.31652,127.48376331176115,36.63191783937923
242670,509010,2025,GS25산남,편의점,,충청북도 청주시 서원구 산남동 894,충청북도 청주시 서원구 두꺼비로20번길 35,43,43112,43112104,14189622.54137,4384893.96439,127.46754806573921,36.610069397389374
242672,509010,2025,씨유오송,편의점,,충청북도 청주시 흥덕구 오송읍 만수리 549-1,충청북도 청주시 흥덕구 오송읍 오송가락로 235,43,43113,43113250,14174546.07708,4387392.46788,127.33211388269845,36.62808372836744
242681,509010,2025,씨유증평,편의점,,충청북도 청주시 청원구 오창읍 여천리 131,충청북도 청주시 청원구 오창읍 여천3길 286,43,43114,43114253,14193713.87619,4406981.31492,127.50430115175686,36.76917431443556
242682,509010,2025,세븐일레븐청주용암소라점,편의점,,충청북도 청주시 상당구 용암동 2082,충청북도 청주시 상당구 원봉로 25,43,43111,43111124,14194454.89609,4385235.90695,127.51095784677788,36.612535068394685
242683,509010,2025,세븐일레븐청주뉴,편의점,,충청북도 청주시 청원구 주중동 906,충청북도 청주시 청원구 율량로 16,43,43114,43114106,14191925.4974,4393667.97174,127.48823587174613,36.67331184737885
242684,509010,2025,이마트24청주봉명,편의점,,충청북도 청주시 흥덕구 봉명동 204,충청북도 청주시 흥덕구 봉명로125번길 30,43,43113,43113115,14188268.33053,4389053.61469,127.45538298278258,36.64005834740745
242686,509010,2025,GS25청주대학사점,편의점,,충청북도 청주시 청원구 내덕동 129-2,충청북도 청주시 청원구 안덕벌로102번길 28,43,43114,43114102,14192999.09441,4391486.10165,127.49788015777814,36.65758992639494
242687,509010,2025,씨유청주복대나라점,편의점,,충청북도 청주시 흥덕구 복대동 128-5,충청북도 청주시 흥덕구 가로수로1362번길 12,43,43113,43113114,14187067.46016,4388097.82265,127.44459538070491,36.63316860842545
242689,509010,2025,세븐일레븐청주가덕,편의점,,충청북도 청주시 상당구 가덕면 금거리 161-1,충청북도 청주시 상당구 가덕면 단재로 1625,43,43111,43111330,14203896.93726,4381227.83429,127.59577714575263,36.58362880340438
242690,509010,2025,씨유오창,편의점,,충청북도 청주시 청원구 오창읍 구룡리 401-6,충청북도 청주시 청원구 오창읍 구룡2길 39,43,43114,43114253,14183464.27367,4398901.41487,127.41222740574538,36.71100942343369
242697,509010,2025,응응스크르,편의점,,충청북도 청주시 흥덕구 가경동 2220,충청북도 청주시 흥덕구 서현로 66,43,43113,43113113,14185425.50447,4385960.01524,127.42984544178111,36.61775619041028
242704,509010,2025,지에스25주성원룸점,편의점,,충청북도 청주시 청원구 오창읍 주성리 515,충청북도 청주시 청원구 오창읍 주성2길 13-1,43,43114,43114253,14188297.71943,4402470.10211,127.45564698776316,36.73670481740169
242706,509010,2025,세븐일레븐충북대,편의점,,충청북도 청주시 흥덕구 복대동 872-7,충청북도 청주시 흥덕구 충대로 14-1,43,43113,43113114,14188042.05039,4388185.35673,127.45335027369974,36.63379961541585
242708,509010,2025,24퍼센트,편의점,,충청북도 청주시 상당구 용암동 1626,충청북도 청주시 상당구 1순환로1253번길 66,43,43111,43111124,14193574.01015,4384720.64546,127.5030447137421,36.60881960340377
242710,509010,2025,세븐일레븐청주복대,편의점,,충청북도 청주시 흥덕구 복대동 34-6,충청북도 청주시 흥덕구 복대로190번길 3,43,43113,43113114,14186669.14656,4388151.1509,127.44101726875688,36.6335530364377
242711,509010,2025,케이에스편의점,편의점,,충청북도 청주시 청원구 내덕동 437-1,충청북도 청주시 청원구 충청대로 76,43,43114,43114102,14192479.85344,4392279.06713,127.49321573678256,36.66330417640081
242712,509010,2025,지에스25봉명스타,편의점,,충청북도 청주시 흥덕구 봉명동 2543,충청북도 청주시 흥덕구 덕암로 77,43,43113,43113115,14189085.38152,4390873.89735,127.46272267670581,36.65317798338916
242713,509010,2025,세븐일레븐청주,편의점,,충청북도 청주시 상당구 문화동 69-3,충청북도 청주시 상당구 대성로 99,43,43111,43111107,14192374.60487,4388233.59569,127.49227027279183,36.63414735343573
242714,509010,2025,세븐일레븐청주동남,편의점,,충청북도 청주시 상당구 용암동 3082,충청북도 청주시 상당구 중고개로141번길 13-16,43,43111,43111124,14195059.13394,4385680.36412,127.5163858077376,36.615739831397484
242715,509010,2025,씨유내수삼일점,편의점,,충청북도 청주시 청원구 내수읍 내수리 231,충청북도 청주시 청원구 내수읍 내수로 635,43,43114,43114250,14196562.93336,4400204.34331,127.52989466777184,36.720391813394265
242716,509010,2025,씨유오창양청전원점,편의점,,충청북도 청주시 청원구 오창읍 양청리 736-1,충청북도 청주시 청원구 오창읍 양청택지1길 49-2,43,43114,43114253,14184483.9316,4400170.30505,127.42138714877761,36.72014671840142
242720,509010,2025,세븐일레븐청주봉명로점,편의점,,충청북도 청주시 흥덕구 봉명동 203-3,충청북도 청주시 흥덕구 봉명로 115,43,43113,43113115,14188175.51412,4388838.83416,127.45454919878526,36.63851017538678
242729,509010,2025,씨유청주대먹자골목점,편의점,,충청북도 청주시 청원구 우암동 321-25,충청북도 청주시 청원구 중앙로173번길 1,43,43114,43114101,14191847.87198,4390781.66616,127.48753855073382,36.652513283437216
242730,509010,2025,GS25오송위브점,편의점,,충청북도 청주시 흥덕구 오송읍 연제리 664,충청북도 청주시 흥덕구 오송읍 오송생명3로 31,43,43113,43113250,14174119.39638,4388374.30196,127.32828094475543,36.63516164742678
242732,509010,2025,씨유청주내덕조이버드점,편의점,,충청북도 청주시 청원구 내덕동 402-141,충청북도 청주시 청원구 1순환로197번길 86,43,43114,43114102,14192093.64449,4391947.28241,127.4897463627556,36.66091332842456
242738,509010,2025,지에스25오송타운점,편의점,,충청북도 청주시 흥덕구 오송읍 만수리 744,충청북도 청주시 흥덕구 오송읍 만수길 28-1,43,43113,43113250,14174094.10359,4386895.21761,127.32805373575704,36.624498865385355
242741,509010,2025,지에스25청주서경로점,편의점,,충청북도 청주시 흥덕구 가경동 1649,충청북도 청주시 흥덕구 서경로20번길 15,43,43113,43113113,14186855.85194,4385840.28464,127.44269447172194,36.616892907369696
242743,509010,2025,GS25봉명리치점,편의점,,충청북도 청주시 흥덕구 봉명동 736-2,충청북도 청주시 흥덕구 1순환로549번길 42,43,43113,43113115,14189384.47451,4389515.66094,127.46540947474908,36.64338874437656
242745,509010,2025,세븐일레븐오창낭만점,편의점,,충청북도 청주시 청원구 오창읍 주성리 325,충청북도 청주시 청원구 오창읍 주성3길 1,43,43114,43114253,14187982.73336,4402554.49629,127.4528174197531,36.73731237143995
242748,509010,2025,지에스25청주,편의점,,충청북도 청주시 서원구 개신동 47-19,충청북도 청주시 서원구 1순환로751번길 6,43,43112,43112109,14189185.64198,4387201.31609,127.46362333174204,36.62670566342245
242750,509010,2025,씨유청주,편의점,,충청북도 청주시 흥덕구 봉명동 664,충청북도 청주시 흥덕구 1순환로549번길 13,43,43113,43113115,14189220.78332,4389550.99965,127.46393901177036,36.643643457392656
242751,509010,2025,세븐일레븐청주남일,편의점,,충청북도 청주시 상당구 남일면 효촌리 197-1,충청북도 청주시 상당구 남일면 단재로 491,43,43111,43111340,14194214.70102,4381764.64556,127.50880013775205,36.58750092038739
242756,509010,2025,지에스25청주고은점,편의점,,충청북도 청주시 상당구 남일면 고은리 392-9,충청북도 청주시 상당구 남일면 고은두산로 31,43,43111,43111340,14194464.58333,4378252.71261,127.51104486873541,36.562165190390424
242757,509010,2025,씨유청주죽림주공점,편의점,,충청북도 청주시 서원구 죽림동 292,충청북도 청주시 서원구 대림로 461,43,43112,43112110,14186901.37349,4385101.45007,127.4431033987632,36.611565539434785
242760,509010,2025,세븐일레븐청주뉴,편의점,,충청북도 청주시 서원구 개신동 50-1,충청북도 청주시 서원구 1순환로763번길 14,43,43112,43112109,14189264.08014,4387070.07094,127.464327953722,36.62575946737817
242761,509010,2025,씨유청주내덕,편의점,,충청북도 청주시 청원구 내덕동 306-4,충청북도 청주시 청원구 내덕로 54,43,43114,43114102,14191713.63003,4391406.62212,127.4863326347791,36.65701715940543
242762,509010,2025,씨유청주가좌,편의점,,충청북도 청주시 서원구 남이면 가좌리 253,충청북도 청주시 서원구 남이면 청남로 1579,43,43112,43112310,14188827.58907,4380605.02191,127.46040688772584,36.57913610142258
242763,509010,2025,지에스25분평우성점,편의점,,충청북도 청주시 서원구 분평동 318-5,충청북도 청주시 서원구 청남로2005번길 73,43,43112,43112106,14191128.32539,4384869.51515,127.48107475373857,36.60989309639073
242766,509010,2025,GS25송절,편의점,,충청북도 청주시 흥덕구 송절동 672,충청북도 청주시 흥덕구 송화로130번길 14,43,43113,43113134,14187510.63586,4392334.6522,127.44857649575405,36.66370471637277
242767,509010,2025,씨유오송바이오타운점,편의점,,충청북도 청주시 흥덕구 오송읍 봉산리 1403,충청북도 청주시 흥덕구 오송읍 오송생명12로 18,43,43113,43113250,14173332.49982,4386213.92649,127.32121213268574,36.61958691243377
242768,509010,2025,GS25청주,편의점,,충청북도 청주시 상당구 용정동 1030,충청북도 청주시 상당구 호미로198번길 21,43,43111,43111125,14195155.4233,4387168.89248,127.51725078977559,36.62647191040582
242769,509010,2025,씨유청주사천동아점,편의점,,충청북도 청주시 청원구 사천동 437,충청북도 청주시 청원구 율봉로 27,43,43114,43114104,14190294.30251,4392269.48861,127.47358259873344,36.66323515441641
242770,509010,2025,씨유청주사천대창점,편의점,,충청북도 청주시 청원구 사천동 444-1,충청북도 청주시 청원구 새터로 188,43,43114,43114104,14190147.46899,4392340.83508,127.47226357078088,36.663749269405116
242772,509010,2025,지에스25청주복대,편의점,,충청북도 청주시 흥덕구 복대동 1497,충청북도 청주시 흥덕구 풍산로 150,43,43113,43113114,14187258.80256,4387442.24158,127.44631423872934,36.628442556387085
242774,509010,2025,세븐일레븐청주분평,편의점,,충청북도 청주시 서원구 분평동 1261-2,충청북도 청주시 서원구 1순환로1137번길 78,43,43112,43112106,14192510.4309,4384852.12484,127.49349041877929,36.609767696377624
242775,509010,2025,이마트24청주율량,편의점,,충청북도 청주시 청원구 율량동 2313,충청북도 청주시 청원구 율중로 27,43,43114,43114103,14193955.72613,4391807.68183,127.50647372673282,36.659907341384326
242776,509010,2025,세븐일레븐청주복대,편의점,,충청북도 청주시 흥덕구 복대동 830-20,충청북도 청주시 흥덕구 월명로13번길 42,43,43113,43113114,14187757.95849,4388467.90962,127.45079823274075,36.635836419392405
242777,509010,2025,씨유청주뉴금천,편의점,,충청북도 청주시 상당구 용담동 369,충청북도 청주시 상당구 산성로98번길 11,43,43111,43111121,14193727.59732,4387877.65036,127.50442441076483,36.63158142942328
242779,509010,2025,지에스GS25모충타운점,편의점,,충청북도 청주시 서원구 모충동 117-5,충청북도 청주시 서원구 청남로 2124,43,43112,43112103,14191912.42204,4386506.21617,127.48811841378878,36.62169429242393
242780,509010,2025,씨유청주신봉,편의점,,충청북도 청주시 흥덕구 신봉동 252-5,충청북도 청주시 흥덕구 사운로 374,43,43113,43113105,14189487.21683,4391748.03235,127.46633242471304,36.659477492429076
242781,509010,2025,이마트24,편의점,,충청북도 청주시 흥덕구 가경동 1517,충청북도 청주시 흥덕구 가경로 60,43,43113,43113113,14186739.54923,4386426.13662,127.441649706702,36.621116932434255
242782,509010,2025,씨유청주부영,편의점,,충청북도 청주시 상당구 용암동 2444,충청북도 청주시 상당구 중흥로 194,43,43111,43111124,14194836.83849,4386213.1466,127.51438889373408,36.61958128942614
242784,509010,2025,세븐일레븐강서,편의점,,충청북도 청주시 흥덕구 강서동 498,충청북도 청주시 흥덕구 서현동로 21,43,43113,43113117,14185376.25071,4386844.74517,127.42940298772697,36.62413498138653
242788,509010,2025,미니스톱동남,편의점,,충청북도 청주시 상당구 용암동 3230,충청북도 청주시 상당구 중고개로125번길 31-1,43,43111,43111124,14195011.33402,4385571.01342,127.5159564137504,36.61495136940252
242791,509010,2025,CU청주,편의점,,충청북도 청주시 서원구 죽림동 315,충청북도 청주시 서원구 용호로5번길 76,43,43112,43112110,14187154.40692,4385728.87082,127.44537643673915,36.616089581396025
242792,509010,2025,씨유청주봉명,편의점,,충청북도 청주시 흥덕구 봉명동 2321,충청북도 청주시 흥덕구 송절로124번길 65,43,43113,43113115,14188745.25818,4391517.72922,127.4596672967573,36.657817848400164
242795,509010,2025,미니스톱청주,편의점,,충청북도 청주시 청원구 내수읍 내수리 261-49,충청북도 청주시 청원구 내수읍 내수로 585,43,43114,43114250,14196194.16406,4399798.33329,127.52658195678636,36.71746825743414
242796,509010,2025,지에스25봉명,편의점,,충청북도 청주시 흥덕구 봉명동 2497,충청북도 청주시 흥덕구 덕암로47번길 10-1,43,43113,43113115,14188736.2875,4390945.44209,127.45958671176777,36.65369359443952
242798,509010,2025,지에스25산남,편의점,,충청북도 청주시 서원구 산남동 1102,충청북도 청주시 서원구 산남로 21,43,43112,43112104,14190086.45321,4385071.56972,127.47171545670334,36.611350079376244
242801,509010,2025,이마트24R,편의점,,충청북도 청주시 서원구 개신동 12,충청북도 청주시 서원구 충대로 1,43,43112,43112102,14188693.94724,4387874.71009,127.45920636274082,36.63156023337037
242803,509010,2025,지에스GS25과상미로점,편의점,,충청북도 청주시 흥덕구 봉명동 1325,충청북도 청주시 흥덕구 과상미로83번길 1,43,43113,43113115,14188988.18625,4389997.13139,127.46184955673985,36.646858996420455
242804,509010,2025,GS25남일신송점,편의점,,충청북도 청주시 상당구 남일면 신송리 78-2,충청북도 청주시 상당구 남일면 신송효촌길 5,43,43111,43111340,14192579.93255,4380993.15975,127.49411476272402,36.58193599239711
242805,509010,2025,씨유청주용암건영점,편의점,,충청북도 청주시 상당구 용암동 2099,충청북도 청주시 상당구 월평로 161,43,43111,43111124,14193580.87723,4385088.85971,127.5031064017713,36.61147475343296
242807,509010,2025,GS25복대서원점,편의점,,충청북도 청주시 흥덕구 복대동 980-1,충청북도 청주시 흥덕구 가로수로1362번길 23,43,43113,43113114,14187113.52283,4388036.31379,127.44500916870986,36.63272520636741
242809,509010,2025,세븐일레븐청주옥산,편의점,,충청북도 청주시 흥덕구 옥산면 호죽리 761,충청북도 청주시 흥덕구 옥산면 오산가좌로 388,43,43113,43113320,14178164.59672,4396527.52508,127.36461959768798,36.693912093441114
242810,509010,2025,GS25청주건영점,편의점,,충청북도 청주시 상당구 용암동 2099,충청북도 청주시 상당구 월평로 161,43,43111,43111124,14193580.87723,4385088.85971,127.5031064017713,36.61147475343296
242811,509010,2025,지에스25뉴오창비발디점,편의점,,충청북도 청주시 청원구 오창읍 각리 637-1,충청북도 청주시 청원구 오창읍 오창중앙로 96,43,43114,43114253,14184286.64351,4398488.11909,127.41961487971115,36.70803304042749
242812,509010,2025,세븐일레븐청주뉴용암,편의점,,충청북도 청주시 상당구 용암동 1864,충청북도 청주시 상당구 무농정로51번길 21,43,43111,43111124,14194028.40039,4384577.80771,127.50712657071811,36.6077895924326
242813,509010,2025,지에스GS25청원내수로점,편의점,,충청북도 청주시 청원구 내수읍 내수리 36-6,충청북도 청주시 청원구 내수읍 내수로 719,43,43114,43114250,14197167.26027,4400992.0298,127.53532342877118,36.72606338940054
242818,509010,2025,지에스25청주봉정점,편의점,,충청북도 청주시 흥덕구 봉명동 2140,충청북도 청주시 흥덕구 직지대로581번길 106,43,43113,43113115,14188544.52888,4390175.10693,127.45786411477546,36.6481417354226
242819,509010,2025,씨유청주지동점,편의점,,충청북도 청주시 흥덕구 지동동 781,충청북도 청주시 흥덕구 직지대로 36,43,43113,43113124,14181774.65241,4389785.83556,127.39704927972097,36.645336077377976
242825,509010,2025,세븐일레븐청주금천,편의점,,충청북도 청주시 상당구 금천동 379,충청북도 청주시 상당구 중고개로236번길 9,43,43111,43111120,14194544.24801,4386933.46616,127.51176050873198,36.62477461939237
242828,509010,2025,세븐일레븐청주,편의점,,충청북도 청주시 흥덕구 비하동 672-1,충청북도 청주시 흥덕구 청향로 1,43,43113,43113138,14184608.39135,4388711.27366,127.42250518973458,36.63759068440733
242829,509010,2025,씨유청주내수,편의점,,충청북도 청주시 청원구 내수읍 마산리 156-7,충청북도 청주시 청원구 내수읍 청암로 56,43,43114,43114250,14197319.44002,4400625.00308,127.53669048272496,36.723420740429205
242830,509010,2025,세븐일레븐청주뉴오송,편의점,,충청북도 청주시 흥덕구 오송읍 만수리 626,충청북도 청주시 흥덕구 오송읍 만수1길 27,43,43113,43113250,14174199.37142,4386917.25149,127.32899937276332,36.62465771938916
242831,509010,2025,지에스25율량,편의점,,충청북도 청주시 청원구 율량동 1665,충청북도 청주시 청원구 사뜸로36번길 4,43,43114,43114103,14191265.32684,4392602.22065,127.48230545870356,36.66563275637164
242836,509010,2025,지에스25오창엔솔,편의점,,충청북도 청주시 흥덕구 옥산면 남촌리 1114-1,충청북도 청주시 흥덕구 옥산면 과학산업3로 29,43,43113,43113320,14183685.98124,4397378.0868,127.41421903873304,36.70003848244346
242838,509010,2025,씨유청주성화호반점,편의점,,충청북도 청주시 서원구 성화동 939,충청북도 청주시 서원구 구룡산로 24,43,43112,43112108,14187350.89495,4385329.94716,127.44714151874435,36.613213157407124
242839,509010,2025,씨유청주내덕,편의점,,충청북도 청주시 청원구 내덕동 218-6,충청북도 청주시 청원구 중앙로 200,43,43114,43114102,14191887.29667,4391119.5215,127.48789270874983,36.654948141394236
242840,509010,2025,가락마트,편의점,,충청북도 청주시 흥덕구 옥산면 오산리 546-7,충청북도 청주시 흥덕구 옥산면 오송가락로 825,43,43113,43113320,14179234.47043,4392260.14518,127.374230436747,36.66316782641051
242842,509010,2025,지에스25청주,편의점,,충청북도 청주시 서원구 수곡동 910,충청북도 청주시 서원구 수곡로 45,43,43112,43112107,14190226.06066,4385725.31842,127.47296957176464,36.61606396742346
242843,509010,2025,전자담배,편의점,,충청북도 청주시 상당구 영운동 173-14,충청북도 청주시 상당구 단재로 141-1,43,43111,43111119,14193136.17467,4385872.56789,127.4991115707054,36.61712567740656
242844,509010,2025,세븐일레븐,편의점,,충청북도 청주시 상당구 금천동 290,충청북도 청주시 상당구 산성로92번길 27,43,43111,43111120,14193784.28421,4387758.91841,127.50493363776188,36.63072550043573
242845,509010,2025,세븐일레븐청주옥산한울점,편의점,,충청북도 청주시 흥덕구 옥산면 오산리 243-5,충청북도 청주시 흥덕구 옥산면 오산5길 11-9,43,43113,43113320,14178809.72868,4392628.5607,127.37041491668818,36.66582255442621
242851,509010,2025,지에스25상당,편의점,,충청북도 청주시 상당구 대성동 139-2,충청북도 청주시 상당구 당산로 15-1,43,43111,43111118,14192940.22343,4388152.08699,127.49735131076683,36.63355978442408
242853,509010,2025,지에스25성화휴튼점,편의점,,충청북도 청주시 서원구 성화동 436,충청북도 청주시 서원구 신화로 47,43,43112,43112108,14188194.03367,4386085.01077,127.4547155627335,36.61865742440064
242857,509010,2025,씨유청주봉명노율점,편의점,,충청북도 청주시 흥덕구 봉명동 2042,충청북도 청주시 흥덕구 백봉로224번길 6,43,43113,43113115,14188808.67199,4390285.54092,127.46023695270486,36.64893766543869
242858,509010,2025,세븐일레븐남청주IC점,편의점,,충청북도 청주시 서원구 남이면 외천리 463,충청북도 청주시 서원구 남이면 청남로 1071,43,43112,43112310,14185474.05613,4376270.32622,127.43028158876363,36.54786022040054
242860,509010,2025,연흥편의점,편의점,,충청북도 청주시 청원구 내수읍 원통리 265-1,충청북도 청주시 청원구 내수읍 내수로 293,43,43114,43114250,14194133.86092,4397130.64467,127.50807393877795,36.69825626737624
242863,509010,2025,지에스25용암현대점,편의점,,충청북도 청주시 상당구 용암동 2104,충청북도 청주시 상당구 원봉로 41,43,43111,43111124,14194266.8925,4385292.01944,127.50926898179397,36.61293967542822
242864,509010,2025,GS25하복대타운,편의점,,충청북도 청주시 흥덕구 복대동 2747,충청북도 청주시 흥덕구 짐대로 36,43,43113,43113114,14185123.15249,4388144.16725,127.42712936773256,36.6335026934231
242865,509010,2025,지에스25율량대로점,편의점,,충청북도 청주시 청원구 율량동 867-1,충청북도 청주시 청원구 충청대로 137,43,43114,43114103,14192590.54642,4393030.6883,127.49421010874049,36.6687201003802
242866,509010,2025,씨유청주복대,편의점,,충청북도 청주시 흥덕구 복대동 1109,충청북도 청주시 흥덕구 풍산로 125,43,43113,43113114,14186986.36915,4387566.86924,127.44386692776793,36.62934101343678
242868,509010,2025,씨유청주금천효성,편의점,,충청북도 청주시 상당구 금천동 131-57,충청북도 청주시 상당구 수영로 210,43,43111,43111120,14193650.30374,4386745.962,127.50373007072196,36.623422793392095
242870,509010,2025,씨유청주엘지로점,편의점,,충청북도 청주시 흥덕구 외북동 319,충청북도 청주시 흥덕구 엘지로 29,43,43113,43113136,14186018.62763,4391919.52526,127.43517355778178,36.66071330642612
242875,509010,2025,씨유청주가로수길점,편의점,,충청북도 청주시 상당구 북문로2가 61-1,충청북도 청주시 상당구 중앙로 5-1,43,43111,43111103,14191981.24153,4388699.22037,127.48873662978598,36.63750380042825
242876,509010,2025,세븐일레븐청주봉덕초점,편의점,,충청북도 청주시 흥덕구 봉명동 2564,충청북도 청주시 흥덕구 덕암로 92,43,43113,43113115,14189073.6263,4390675.06664,127.46261707776786,36.651745025376925
242878,509010,2025,GS25청주,편의점,,충청북도 청주시 서원구 분평동 1250-24,충청북도 청주시 서원구 1순환로1107번길 95,43,43112,43112106,14192067.40637,4384981.42149,127.48951066171335,36.610700038399095
242879,509010,2025,씨유오창비발디점,편의점,,충청북도 청주시 청원구 오창읍 각리 648-3,충청북도 청주시 청원구 오창읍 오창중앙로 117,43,43114,43114253,14184045.30597,4398617.51007,127.41744690770271,36.70896487243778
242882,509010,2025,지에스25강서,편의점,,충청북도 청주시 흥덕구 강서동 87-7,충청북도 청주시 흥덕구 가로수로1154번길 35,43,43113,43113117,14184923.19441,4386978.48773,127.42533311373784,36.62509920241533
242884,509010,2025,지에스25청주폴리텍점,편의점,,충청북도 청주시 흥덕구 복대동 71-28,충청북도 청주시 흥덕구 봉명로90번길 4,43,43113,43113114,14187858.43802,4388764.81265,127.45170085571628,36.63797660942974
242885,509010,2025,지에스25오창파크점,편의점,,충청북도 청주시 청원구 오창읍 양청리 798-6,충청북도 청주시 청원구 오창읍 중심상업로 32-19,43,43114,43114253,14185615.55589,4399312.70059,127.43155270273489,36.7139712163807
242886,509010,2025,세븐봉명현대점,편의점,,충청북도 청주시 흥덕구 봉명동 2751,충청북도 청주시 흥덕구 백봉로223번길 17,43,43113,43113115,14188799.65467,4390465.07791,127.46015594874109,36.65023162339842
242891,509010,2025,씨유옥산국사점,편의점,,충청북도 청주시 흥덕구 옥산면 국사리 694-9,충청북도 청주시 흥덕구 옥산면 국사4길 1,43,43113,43113320,14181881.00104,4394486.02613,127.39800462571884,36.67920568143974
242892,509010,2025,청주다이소가경복대,편의점,,충청북도 청주시 흥덕구 복대동 992,충청북도 청주시 흥덕구 복대로 155,43,43113,43113114,14186631.69924,4387717.07846,127.44068087375778,36.63042387736787
242896,509010,2025,씨유청주하복대삼일점,편의점,,충청북도 청주시 흥덕구 복대동 3034,충청북도 청주시 흥덕구 증안로 110,43,43113,43113114,14186040.50936,4388333.65166,127.43537012470685,36.63486861740014
242897,509010,2025,씨유청주용암우진점,편의점,,충청북도 청주시 상당구 용암동 2437,충청북도 청주시 상당구 용암북로92번길 1,43,43111,43111124,14194175.36016,4386171.54779,127.50844673279374,36.619281361372096
242898,509010,2025,씨유청주율량천사점,편의점,,충청북도 청주시 청원구 율량동 870,충청북도 청주시 청원구 율봉로 215,43,43114,43114103,14192442.60961,4392969.35784,127.49288116976525,36.66827818843216
242900,509010,2025,지에스25복대,편의점,,충청북도 청주시 흥덕구 복대동 3071,충청북도 청주시 흥덕구 대신로10번길 5-1,43,43113,43113114,14186140.99869,4388194.1836,127.43627283571726,36.633863245393655
242902,509010,2025,씨유청주금천,편의점,,충청북도 청주시 상당구 금천동 173-1,충청북도 청주시 상당구 쇠내로 68,43,43111,43111120,14193379.6432,4386923.9468,127.50129868572273,36.62470598938842
242903,509010,2025,세븐일레븐동남파밀리에점,편의점,,충청북도 청주시 상당구 용암동 3164,충청북도 청주시 상당구 동남로 187,43,43111,43111129,14195690.04294,4384907.02686,127.52205335971428,36.61016358937515
242904,509010,2025,세븐일레븐청주성화,편의점,,충청북도 청주시 서원구 성화동 831,충청북도 청주시 서원구 장전로20번길 42,43,43112,43112108,14187834.24941,4385670.60442,127.4514835657356,36.61566946041039
242905,509010,2025,씨유오송만수점,편의점,,충청북도 청주시 흥덕구 오송읍 만수리 595,충청북도 청주시 흥덕구 오송읍 만수길 37-1,43,43113,43113250,14174110.31226,4386982.54655,127.32819934071703,36.625128464412214
242909,509010,2025,지에스25청주가좌,편의점,,충청북도 청주시 상당구 용담동 423,충청북도 청주시 상당구 호미로 319,43,43111,43111121,14194280.0686,4388322.41213,127.50938734471416,36.63478759640475
242910,509010,2025,씨유청주산남주공1단지점,편의점,,충청북도 청주시 서원구 수곡동 333,충청북도 청주시 서원구 구룡산로 317,43,43112,43112107,14190958.5399,4386086.5267,127.47954954473147,36.618668354388
242912,509010,2025,씨유청주우암,편의점,,충청북도 청주시 청원구 우암동 370-17,충청북도 청주시 청원구 새터로43번길 46,43,43114,43114101,14191366.95798,4391221.28795,127.48321842676773,36.655681537387316
242914,509010,2025,세븐일레븐봉명,편의점,,충청북도 청주시 흥덕구 봉명동 539,충청북도 청주시 흥덕구 1순환로535번길 11,43,43113,43113115,14189286.03357,4389708.05411,127.46452516473913,36.64477545839379
242918,509010,2025,이마트24,편의점,,충청북도 청주시 청원구 내덕동 46-3,충청북도 청주시 청원구 상당로302번길 121,43,43114,43114102,14192605.53303,4390872.22006,127.49434473574871,36.65316589539747
242919,509010,2025,GS25충북과학대,편의점,,충청북도 청주시 청원구 내수읍 덕암리 309-2,충청북도 청주시 청원구 내수읍 덕암길 11-2,43,43114,43114250,14198541.73772,4397299.26371,127.54767056978304,36.69947075944124
242920,509010,2025,GS25가경,편의점,,충청북도 청주시 흥덕구 가경동 1188,충청북도 청주시 흥덕구 가경로173번길 1,43,43113,43113113,14186137.81406,4387661.6471,127.43624422769923,36.63002427237487
242924,509010,2025,법인뽕나무한그루,편의점,,충청북도 청주시 흥덕구 오송읍 연제리 713,충청북도 청주시 흥덕구 오송읍 오송생명로 178,43,43113,43113250,14174170.24901,4387854.66359,127.32873776170317,36.631415720406785
242925,509010,2025,씨유청주사천,편의점,,충청북도 청주시 청원구 사천동 247-10,충청북도 청주시 청원구 율천북로 43-2,43,43114,43114104,14190591.8201,4392143.71312,127.4762552447177,36.662328821401225
242926,509010,2025,지이에스25오창스카이점,편의점,,충청북도 청주시 청원구 오창읍 양청리 720-1,충청북도 청주시 청원구 오창읍 양청택지로 26,43,43114,43114253,14184275.98089,4400044.9718,127.41951909576599,36.71924424038176
242928,509010,2025,씨유청주시청,편의점,,충청북도 청주시 상당구 북문로3가 79-1,충청북도 청주시 상당구 중앙로 63-1,43,43111,43111104,14191924.96707,4389435.89542,127.48823110771067,36.64281381038499
242929,509010,2025,GS25오창테크노빌,편의점,,충청북도 청주시 청원구 오창읍 성산리 102-1,충청북도 청주시 청원구 오창읍 성산길 2,43,43114,43114253,14184380.40213,4402464.39649,127.4204571277249,36.73666374244702
242931,509010,2025,지에스25청주맘모스점,편의점,,충청북도 청주시 청원구 우암동 326-1,충청북도 청주시 청원구 중앙로 115,43,43114,43114101,14191880.25048,4390070.6374,127.48782941174811,36.64738878543998
242933,509010,2025,미니스톱청주오송점,편의점,,충청북도 청주시 흥덕구 오송읍 만수리 793,충청북도 청주시 흥덕구 오송읍 만수1길 20-2,43,43113,43113250,14174155.31584,4386802.6038,127.32860361475464,36.6238311594067
242934,509010,2025,지에스25청주사창점,편의점,,충청북도 청주시 서원구 사창동 287-29,충청북도 청주시 서원구 예체로67번길 79,43,43112,43112102,14189242.9015,4387957.15927,127.4641377027619,36.632154597385274
242937,509010,2025,씨유청주개신,편의점,,충청북도 청주시 서원구 개신동 634,충청북도 청주시 서원구 신율로 15,43,43112,43112109,14187459.34251,4386203.55201,127.4481157197512,36.61951211238955
242938,509010,2025,세븐일레븐청주봉명,편의점,,충청북도 청주시 흥덕구 봉명동 857,충청북도 청주시 흥덕구 직지대로668번길 14,43,43113,43113115,14189538.96247,4389330.43574,127.4667972637061,36.6420536714149
242942,509010,2025,지에스25청주목련로점,편의점,,충청북도 청주시 상당구 운동동 70-9,충청북도 청주시 상당구 목련로 226,43,43111,43111129,14196334.29526,4384523.16101,127.52784077677394,36.60739552839714
242943,509010,2025,씨유청주,편의점,,충청북도 청주시 흥덕구 외북동 316,충청북도 청주시 흥덕구 엘지로 19,43,43113,43113136,14186007.43467,4391803.17087,127.43507300971133,36.65987483437104
242944,509010,2025,지에스25청원,편의점,,충청북도 청주시 청원구 오창읍 장대리 308-1,충청북도 청주시 청원구 오창읍 두릉유리로 1140,43,43114,43114253,14188261.49005,4403176.26219,127.45532153370522,36.74178831841815
242945,509010,2025,세븐일레븐청주분평주공점,편의점,,충청북도 청주시 서원구 분평동 1366-2,충청북도 청주시 서원구 1순환로1137번길 25,43,43112,43112106,14192442.88679,4384532.95114,127.49288365971556,36.607466126369665
242946,509010,2025,지에스25수곡매봉,편의점,,충청북도 청주시 서원구 수곡동 319,충청북도 청주시 서원구 구룡산로 275-44,43,43112,43112107,14190519.81754,4386252.40131,127.4756084347162,36.61986431541338
242953,509010,2025,세븐일레븐율량,편의점,,충청북도 청주시 청원구 율량동 1297,충청북도 청주시 청원구 사뜸로51번길 4,43,43114,43114103,14191108.34132,4392740.37969,127.48089523378334,36.66662828142763
242966,509010,2025,지에스25용암건영점,편의점,,충청북도 청주시 상당구 용암동 1260,충청북도 청주시 상당구 용암로 80,43,43111,43111124,14193719.56985,4385482.04078,127.50435229877489,36.61430983536808
242967,509010,2025,씨유청주,편의점,,충청북도 청주시 상당구 용암동 3150,충청북도 청주시 상당구 중고개로142번길 20,43,43111,43111124,14195605.94252,4385854.64407,127.52129787278731,36.6169964424181
242968,509010,2025,씨유청주수곡동점,편의점,,충청북도 청주시 서원구 수곡동 173-3,충청북도 청주시 서원구 구룡산로326번길 19-2,43,43112,43112107,14190997.62017,4385928.0191,127.47990060877,36.617525492395636
242969,509010,2025,이마트24청주초정,편의점,,충청북도 청주시 청원구 내수읍 초정리 76,충청북도 청주시 청원구 내수읍 초정약수로 847,43,43114,43114250,14204407.0497,4400353.12246,127.600359563768,36.721463099418685
242970,509010,2025,지에스25청주,편의점,,충청북도 청주시 상당구 서운동 33-18,충청북도 청주시 상당구 대성로 55,43,43111,43111108,14192445.69327,4387676.70061,127.49290887075433,36.630132793419975
242973,509010,2025,지에스25율량,편의점,,충청북도 청주시 청원구 율량동 1182,충청북도 청주시 청원구 사뜸로 70,43,43114,43114103,14191023.40889,4392944.79991,127.48013227278337,36.668101237430605
242974,509010,2025,이마트24청주옥산IC점,편의점,,충청북도 청주시 흥덕구 옥산면 오산리 546-7,충청북도 청주시 흥덕구 옥산면 오송가락로 825,43,43113,43113320,14179234.47043,4392260.14518,127.374230436747,36.66316782641051
242975,509010,2025,세븐일레븐청주오창한별점,편의점,,충청북도 청주시 청원구 오창읍 양청리 769-1,충청북도 청주시 청원구 오창읍 양청1길 27,43,43114,43114253,14184991.40654,4400202.09807,127.42594587372734,36.720375646402715
242978,509010,2025,세븐일레븐청주뉴,편의점,,충청북도 청주시 흥덕구 가경동 1395,충청북도 청주시 흥덕구 풍산로25번길 12,43,43113,43113113,14185794.12538,4387228.86943,127.43315681975656,36.6269043044213
242983,509010,2025,지에스25내덕타운점,편의점,,충청북도 청주시 청원구 내덕동 649-1,충청북도 청주시 청원구 향군로136번길 32,43,43114,43114102,14191210.59317,4391437.40757,127.48181377778032,36.65723901438749
242984,509010,2025,이마트24오창리치아노점,편의점,,충청북도 청주시 청원구 오창읍 양청리 792-2,충청북도 청주시 청원구 오창읍 중심상업1로 8-34,43,43114,43114253,14185337.43116,4399408.10477,127.42905426577603,36.714658234441536
242986,509010,2025,성경오송역씨유,편의점,,충청북도 청주시 흥덕구 오송읍 오송리 203-8,충청북도 청주시 흥덕구 오송읍 오송가락로 40,43,43113,43113250,14173550.92013,4385202.43808,127.32317423571438,36.612293735370216
242990,509010,2025,씨유청주동남펜타곤점,편의점,,충청북도 청주시 상당구 용암동 3188,충청북도 청주시 상당구 중고개로141번길 32,43,43111,43111124,14194892.36009,4385761.78186,127.51488765275295,36.616326880416
242993,509010,2025,다온,편의점,,충청북도 청주시 상당구 용암동 113,충청북도 청주시 상당구 호미로 80,43,43111,43111124,14195988.83258,4385993.07331,127.52473743271815,36.61799454440918
242995,509010,2025,씨유청주내덕대로점,편의점,,충청북도 청주시 청원구 내덕동 716-2,충청북도 청주시 청원구 1순환로342번길 4,43,43114,43114102,14190633.45849,4391638.9759,127.47662928873919,36.65869159838179
242996,509010,2025,세븐청주내수주공점,편의점,,충청북도 청주시 청원구 내수읍 마산리 131-5,충청북도 청주시 청원구 내수읍 청암로 36,43,43114,43114250,14197122.31413,4400474.22899,127.5349196707259,36.722335117384986
242999,509010,2025,씨유청주강서,편의점,,충청북도 청주시 흥덕구 가경동 1948,충청북도 청주시 흥덕구 서현중로27번길 23,43,43113,43113113,14185303.84028,4386321.97529,127.4287525137669,36.6203659404201
243000,509010,2025,숲속애봄,편의점,,충청북도 청주시 상당구 명암동 9-33,충청북도 청주시 상당구 명암로 276,43,43111,43111122,14196132.78249,4390935.63886,127.52603055676134,36.65362294439437
243001,509010,2025,세븐일레븐청주사창,편의점,,충청북도 청주시 서원구 사창동 253-1,충청북도 청주시 서원구 사직대로175번길 12,43,43112,43112102,14189557.3706,4388488.04897,127.46696262675144,36.635981593371504
243004,509010,2025,씨유청주강서호반점,편의점,,충청북도 청주시 흥덕구 가경동 1759,충청북도 청주시 흥덕구 서현중로 49,43,43113,43113113,14185250.45857,4386635.46249,127.42827297770697,36.622626127374616
243005,509010,2025,지에스25청주,편의점,,충청북도 청주시 서원구 산남동 569,충청북도 청주시 서원구 두꺼비로78번길 25,43,43112,43112104,14189448.0926,4385119.75913,127.4659809657751,36.611697561390784
243006,509010,2025,비지에프리테일청주국제,편의점,,충청북도 청주시 청원구 내수읍 입상리 79-9,충청북도 청주시 청원구 내수읍 오창대로 980,43,43114,43114250,14192782.37239,4400441.61924,127.49593331074816,36.72210031443986
243008,509010,2025,세븐일레븐뉴오창,편의점,,충청북도 청주시 청원구 오창읍 양청리 821-4,충청북도 청주시 청원구 오창읍 중심상업로 7,43,43114,43114253,14185296.08632,4398951.04241,127.42868285875907,36.71136681242627
243009,509010,2025,세븐일레븐청주주성,편의점,,충청북도 청주시 청원구 주성동 361,충청북도 청주시 청원구 주성로279번길 22,43,43114,43114105,14192965.64568,4393394.29387,127.49757968272415,36.671339980440344
243011,509010,2025,지에스25우암,편의점,,충청북도 청주시 청원구 우암동 118-30,충청북도 청주시 청원구 상당로232번길 14,43,43114,43114101,14192114.82324,4390293.71088,127.48993661470386,36.648996548399495
243013,509010,2025,씨유오송보건행정타운점,편의점,,충청북도 청주시 흥덕구 오송읍 연제리 643,충청북도 청주시 흥덕구 오송읍 오송생명2로 187,43,43113,43113250,14174484.08326,4388798.099,127.3315569827381,36.63821654640266
243015,509010,2025,지에스25강내태성점,편의점,,충청북도 청주시 흥덕구 강내면 월탄리 257-4,충청북도 청주시 흥덕구 강내면 태성탑연로 268,43,43113,43113310,14176838.23379,4384627.53946,127.35270467676324,36.60814821241278
243016,509010,2025,이마트24청주주중그랜드점,편의점,,충청북도 청주시 청원구 주중동 931,충청북도 청주시 청원구 율량로32번길 8,43,43114,43114106,14192048.33033,4393629.97944,127.48933929873039,36.67303811339508
243017,509010,2025,세븐일레븐청주가경,편의점,,충청북도 청주시 흥덕구 가경동 1043,충청북도 청주시 흥덕구 풍년로 182,43,43113,43113113,14185629.74879,4387428.86918,127.43168019972488,36.628346152389774
243018,509010,2025,씨유청주성화이레점,편의점,,충청북도 청주시 서원구 성화동 601,충청북도 청주시 서원구 신성화로 38,43,43112,43112108,14188626.60385,4386020.57957,127.45860140677551,36.61819286840385
243019,509010,2025,세븐일레븐청주석판점,편의점,,충청북도 청주시 서원구 남이면 석판리 147-4,충청북도 청주시 서원구 남이면 대림로 281,43,43112,43112310,14186712.70465,4382898.06933,127.44140855773688,36.59567587341918
243020,509010,2025,씨유청주우암,편의점,,충청북도 청주시 청원구 우암동 370-17,충청북도 청주시 청원구 새터로43번길 46,43,43114,43114101,14191366.95798,4391221.28795,127.48321842676773,36.655681537387316
243021,509010,2025,씨유청주원더아리아점,편의점,,충청북도 청주시 청원구 내덕동 201-1,충청북도 청주시 청원구 상당로 314,43,43114,43114102,14192114.96818,4391404.80057,127.48993791672204,36.65700403240682
243023,509010,2025,세븐일레븐청주내수주공점,편의점,,충청북도 청주시 청원구 내수읍 마산리 131-5,충청북도 청주시 청원구 내수읍 청암로 36,43,43114,43114250,14197122.31413,4400474.22899,127.5349196707259,36.722335117384986
243026,509010,2025,씨유청주정하점,편의점,,충청북도 청주시 청원구 정하동 34,충청북도 청주시 청원구 토성로 48,43,43114,43114108,14189237.48647,4393375.61657,127.46408905871976,36.67120540743126
243027,509010,2025,지에스25가경프라임점,편의점,,충청북도 청주시 흥덕구 강서동 479,충청북도 청주시 흥덕구 강서로 119,43,43113,43113117,14185374.5837,4387002.62471,127.42938801272133,36.625273217417345
243033,509010,2025,지에스25오송,편의점,,충청북도 청주시 흥덕구 오송읍 연제리 782,충청북도 청주시 흥덕구 오송읍 연제만수길 20,43,43113,43113250,14173886.83015,4387100.03746,127.32619176676535,36.625975508405126
243034,509010,2025,세븐일레븐청주부영1단지점,편의점,,충청북도 청주시 상당구 용암동 2542,충청북도 청주시 상당구 중흥로 175,43,43111,43111124,14194618.01521,4386111.02144,127.51242317076435,36.618844963382195
243039,509010,2025,씨스페이스옥화대휴게소점,편의점,,충청북도 청주시 상당구 미원면 운암리 207-7,충청북도 청주시 상당구 미원면 남부로 6703,43,43111,43111320,14213681.63897,4384818.79308,127.68367461673132,36.60952734338492
243042,509010,2025,세븐일레븐청주율량삼정점,편의점,,충청북도 청주시 청원구 율량동 825-1,충청북도 청주시 청원구 공항로150번길 98,43,43114,43114103,14192049.86142,4393237.94659,127.48935305274587,36.670213465390475
243043,509010,2025,비지에프리테일한국교원대BTL점,편의점,,충청북도 청주시 흥덕구 강내면 다락리 산7,충청북도 청주시 흥덕구 강내면 태성탑연로 250,43,43113,43113310,14177169.17572,4385290.1221,127.35567757870238,36.61292599442488
243044,509010,2025,씨유청주율량공항로점,편의점,,충청북도 청주시 청원구 율량동 792,충청북도 청주시 청원구 공항로150번길 50,43,43114,43114103,14191759.48598,4393313.73618,127.48674456578667,36.67075954739306
243045,509010,2025,지에스25용암,편의점,,충청북도 청주시 상당구 용암동 718-3,충청북도 청주시 상당구 단재로196번길 35,43,43111,43111124,14193130.7208,4385402.77758,127.4990625777576,36.61373830640747
243046,509010,2025,지에스25하늘채시그니처점,편의점,,충청북도 청주시 흥덕구 옥산면 가락리 452-12,충청북도 청주시 흥덕구 옥산면 가락길 38,43,43113,43113320,14180188.63264,4393180.05032,127.38280182171593,36.66979630639883
243047,509010,2025,지에스25청주명인점,편의점,,충청북도 청주시 서원구 분평동 1374,충청북도 청주시 서원구 1순환로1107번길 28,43,43112,43112106,14192112.78766,4384573.4547,127.48991832877762,36.60775820241905
243048,509010,2025,씨유청주율량현대점,편의점,,충청북도 청주시 청원구 율량동 1209,충청북도 청주시 청원구 공항로141번길 29,43,43114,43114103,14191342.62699,4393048.00088,127.48299985776575,36.66884484439461
243052,509010,2025,씨유청주가경우체국점,편의점,,충청북도 청주시 흥덕구 가경동 1474-2,충청북도 청주시 흥덕구 풍년로103번길 1-2,43,43113,43113113,14186031.2497,4386531.53311,127.43528694376579,36.6218768223729
243053,509010,2025,세븐복대２호점주,편의점,,충청북도 청주시 흥덕구 복대동 2644,충청북도 청주시 흥덕구 진재로 45-1,43,43113,43113114,14185362.3419,4388396.68112,127.42927804276087,36.635322968413725
243055,509010,2025,세븐일레븐청주,편의점,,충청북도 청주시 흥덕구 복대동 2486,충청북도 청주시 흥덕구 증안로 46,43,43113,43113114,14185267.6079,4388557.83353,127.42842703275949,36.63648463143573
243059,509010,2025,씨유청주우암,편의점,,충청북도 청주시 청원구 우암동 120-12,충청북도 청주시 청원구 상당로231번길 15,43,43114,43114101,14191908.02926,4390289.48028,127.48807895277463,36.64896605740466
243060,509010,2025,지에스25분평푸른점,편의점,,충청북도 청주시 서원구 분평동 1200-1,충청북도 청주시 서원구 1순환로1137번길 128,43,43112,43112106,14192457.6039,4385169.8745,127.49301586576408,36.61205892936956
243062,509010,2025,세븐일레븐청주율량그랜드점,편의점,,충청북도 청주시 청원구 율량동 2019,충청북도 청주시 청원구 1순환로 162,43,43114,43114103,14192632.80586,4392475.82508,127.49458973174904,36.664721983430354
243065,509010,2025,씨유오창비봉점,편의점,,충청북도 청주시 청원구 오창읍 구룡리 402-24,충청북도 청주시 청원구 오창읍 구룡4길 17-1,43,43114,43114253,14183716.41855,4398845.68506,127.41449246174086,36.71060808742168
243066,509010,2025,이마트24충대평생교육원점,편의점,,충청북도 청주시 서원구 수곡동 92-13,충청북도 청주시 서원구 남들로 1,43,43112,43112107,14191299.22619,4386069.85576,127.48260998174587,36.6185481553733
243068,509010,2025,지에스25봉명으뜸점,편의점,,충청북도 청주시 흥덕구 봉명동 2844-3,충청북도 청주시 흥덕구 월명로178번길 55,43,43113,43113115,14188471.82289,4390509.23855,127.45721098575473,36.65054989437693
243070,509010,2025,세븐일레븐청주금천,편의점,,충청북도 청주시 상당구 금천동 124,충청북도 청주시 상당구 수영로 198,43,43111,43111120,14193611.33969,4386630.44552,127.50338005070546,36.622589956435
243071,509010,2025,지에스25충북대원룸점,편의점,,충청북도 청주시 흥덕구 복대동 888-3,충청북도 청주시 흥덕구 내수동로 69,43,43113,43113114,14188233.25364,4388066.87882,127.45506788171848,36.632945542377904
243072,509010,2025,GS25복대삼성,편의점,,충청북도 청주시 흥덕구 복대동 2650,충청북도 청주시 흥덕구 진재로 31,43,43113,43113114,14185379.44647,4388216.12735,127.42943169572749,36.634021430380606
243075,509010,2025,씨유율량칸타빌4차점,편의점,,충청북도 청주시 청원구 율량동 2316,충청북도 청주시 청원구 율중로 19,43,43114,43114103,14193982.23609,4391873.32109,127.50671186975536,36.6603803514068
243076,509010,2025,지에스25뉴복대서원점,편의점,,충청북도 청주시 흥덕구 복대동 980-1,충청북도 청주시 흥덕구 가로수로1362번길 23,43,43113,43113114,14187113.52283,4388036.31379,127.44500916870986,36.63272520636741
243078,509010,2025,세븐일레븐청주,편의점,,충청북도 청주시 흥덕구 운천동 677-2,충청북도 청주시 흥덕구 사운로 277,43,43113,43113104,14190130.34938,4390717.5649,127.47210978270765,36.65205130938958
243079,509010,2025,이마트24청주형석점,편의점,,충청북도 청주시 흥덕구 복대동 2442,충청북도 청주시 흥덕구 복대로 94,43,43113,43113114,14186833.13186,4386978.2117,127.4424903737707,36.62509721238112
243081,509010,2025,지에스25수곡한마음점,편의점,,충청북도 청주시 서원구 수곡동 777,충청북도 청주시 서원구 수곡로 74,43,43112,43112107,14190125.86822,4386061.31705,127.47206952776246,36.618486590414236
243083,509010,2025,이마트24청주내덕점,편의점,,충청북도 청주시 청원구 내덕동 647-12,충청북도 청주시 청원구 내덕로 19,43,43114,43114102,14191321.91978,4391344.60938,127.48281384173337,36.65657026338564
243084,509010,2025,GS25영운빌리지,편의점,,충청북도 청주시 상당구 영운동 113-40,충청북도 청주시 상당구 수영로137번길 22,43,43111,43111119,14193277.61789,4386027.35226,127.5003821767692,36.618241700370916
243087,509010,2025,씨유청주봉명,편의점,,충청북도 청주시 흥덕구 봉명동 194,충청북도 청주시 흥덕구 1순환로584번길 59,43,43113,43113115,14188524.25314,4389235.01058,127.45768197470406,36.64136585343003
243088,509010,2025,세븐일레븐청주뉴모충타운점,편의점,,충청북도 청주시 서원구 모충동 123-1,충청북도 청주시 서원구 구룡산로375번길 73,43,43112,43112103,14191764.12911,4386494.125,127.48678627573312,36.621607117413696
243090,509010,2025,세븐일레븐청주뉴,편의점,,충청북도 청주시 흥덕구 복대동 2836,충청북도 청주시 흥덕구 짐대로72번길 51,43,43113,43113114,14185147.5014,4387855.88125,127.42734809771262,36.63142449838848
243092,509010,2025,이마트24R청주율량센터,편의점,,충청북도 청주시 청원구 율량동 2106,충청북도 청주시 청원구 율봉로 284,43,43114,43114103,14193227.67251,4392715.6495,127.49993350978687,36.66645008539313
243094,509010,2025,씨유청주강서IC점,편의점,,충청북도 청주시 흥덕구 강서동 128-5,충청북도 청주시 흥덕구 강서로 47-2,43,43113,43113117,14184782.1987,4386398.67869,127.42406652772478,36.62091896441494
243096,509010,2025,지에스25청주,편의점,,충청북도 청주시 상당구 용암동 2579,충청북도 청주시 상당구 용암북로138번길 30-2,43,43111,43111124,14194746.52209,4386302.7568,127.5135775677087,36.62022737636966
243104,509010,2025,이마트24청주봉명이글점,편의점,,충청북도 청주시 흥덕구 봉명동 1791,충청북도 청주시 흥덕구 1순환로548번길 10,43,43113,43113115,14189060.91072,4389654.07489,127.46250285176924,36.64438639439402
243106,509010,2025,씨유청주봉명나라점,편의점,,충청북도 청주시 흥덕구 봉명동 1139,충청북도 청주시 흥덕구 천수로 42,43,43113,43113115,14189096.12864,4388884.54062,127.4628192197274,36.63883963738336
243109,509010,2025,세븐일레븐오창,편의점,,충청북도 청주시 청원구 오창읍 각리 645-1,충청북도 청주시 청원구 오창읍 오창중앙로 29,43,43114,43114253,14185004.92986,4398509.14936,127.42606735577782,36.70818449440267
243110,509010,2025,씨유청주오근장점,편의점,,충청북도 청주시 청원구 외남동 222-1,충청북도 청주시 청원구 팔결로 154,43,43114,43114111,14191112.66007,4396952.45669,127.48093402977467,36.696972833406896
243112,509010,2025,지에스25서원대,편의점,,충청북도 청주시 서원구 모충동 233-25,충청북도 청주시 서원구 서원남로58번길 19,43,43112,43112103,14191177.83318,4386700.12557,127.48151948978301,36.62309232843601
243113,509010,2025,지에스25청주석판대로,편의점,,충청북도 청주시 서원구 남이면 석판리 3-8,충청북도 청주시 서원구 남이면 대림로 383,43,43112,43112310,14186608.00255,4384167.52028,127.44046800276965,36.604830910419736
243114,509010,2025,지에스25오창센트럴허브,편의점,,충청북도 청주시 청원구 오창읍 양청리 793-1,충청북도 청주시 청원구 오창읍 중심상업로 48,43,43114,43114253,14185439.8354,4399449.52866,127.42997417871568,36.71495653141434
243115,509010,2025,세븐일레븐청주운천직지점,편의점,,충청북도 청주시 흥덕구 운천동 996,충청북도 청주시 흥덕구 직지대로747번길 2,43,43113,43113104,14190513.15507,4389646.68028,127.47554858472986,36.644333096387776
243119,509010,2025,씨유율량대로점,편의점,,충청북도 청주시 청원구 주중동 994,충청북도 청주시 청원구 율량로48번길 49,43,43114,43114106,14192084.93597,4393489.1233,127.4896681327894,36.67202323840193
243120,509010,2025,이마트24용암월평로점,편의점,,충청북도 청주시 상당구 용암동 1954,충청북도 청주시 상당구 월평로218번길 54,43,43111,43111124,14193820.34204,4384439.3556,127.50525755075994,36.60679119342711
243121,509010,2025,청주,편의점,,충청북도 청주시 상당구 용정동 1030,충청북도 청주시 상당구 호미로198번길 21,43,43111,43111125,14195155.4233,4387168.89248,127.51725078977559,36.62647191040582
243127,509010,2025,세븐일레븐청주사창,편의점,,충청북도 청주시 서원구 사창동 130-5,충청북도 청주시 서원구 1순환로622번길 16,43,43112,43112102,14188534.11995,4388755.46424,127.45777060976634,36.637909223439095
243129,509010,2025,태양신,편의점,,충청북도 청주시 흥덕구 운천동 1372,충청북도 청주시 흥덕구 사운로 226,43,43113,43113104,14190571.94957,4390232.2546,127.47607674470967,36.648553616396164
243132,509010,2025,씨유청주산남원룸점,편의점,,충청북도 청주시 서원구 산남동 1070,충청북도 청주시 서원구 두꺼비로27번길 5-1,43,43112,43112104,14189627.07207,4384702.64355,127.46758876570978,36.608689791385665
243134,509010,2025,세븐일레븐청주,편의점,,충청북도 청주시 상당구 탑동 213-22,충청북도 청주시 상당구 탑동로 4,43,43111,43111117,14192730.41057,4387354.31535,127.49546652977712,36.62780867842974
243135,509010,2025,GS25사천남광,편의점,,충청북도 청주시 청원구 사천동 456-34,충청북도 청주시 청원구 율봉로 9,43,43114,43114104,14190126.14629,4392174.51499,127.47207202570776,36.662550779398096
243136,509010,2025,세븐일레븐청원오송원룸점,편의점,,충청북도 청주시 흥덕구 오송읍 만수리 772,충청북도 청주시 흥덕구 오송읍 만수길 14-2,43,43113,43113250,14173957.61409,4386733.06622,127.32682762971714,36.623329819379784
243137,509010,2025,씨유청주미원,편의점,,충청북도 청주시 상당구 미원면 미원리 438-24,충청북도 청주시 상당구 미원면 단재로 2412,43,43111,43111320,14210480.36683,4387878.89091,127.65491709980743,36.63159037239732
243139,509010,2025,충북청원지역자활센터,편의점,,충청북도 청주시 청원구 율량동 712,충청북도 청주시 청원구 주성로 168,43,43114,43114103,14191560.65066,4393453.29565,127.48495839771662,36.67176509639383
243140,509010,2025,지에스25청주석판점,편의점,,충청북도 청주시 서원구 남이면 석판리 31-1,충청북도 청주시 서원구 남이면 대림로 342,43,43112,43112310,14186632.58723,4383679.7334,127.44068885070769,36.60131321343457
243142,509010,2025,지에스25충북대,편의점,,충청북도 청주시 서원구 사창동 531,충청북도 청주시 서원구 1순환로704번길 6,43,43112,43112102,14188897.44495,4387785.661,127.46103441377282,36.63091828642526
243147,509010,2025,세븐청주내수무지개점,편의점,,충청북도 청주시 청원구 내수읍 은곡리 258-1,충청북도 청주시 청원구 내수읍 내수로 612,43,43114,43114250,14196390.86649,4399937.67843,127.52834896477952,36.718471652390505
243148,509010,2025,세븐일레븐청주힐즈점,편의점,,충청북도 청주시 흥덕구 비하동 784,충청북도 청주시 흥덕구 비하로18번길 10,43,43113,43113138,14184987.97256,4387493.44245,127.42591502576013,36.62881167140203
243149,509010,2025,씨유오창송대점,편의점,,충청북도 청주시 청원구 오창읍 송대리 318-1,충청북도 청주시 청원구 오창읍 양청송대길 129,43,43114,43114253,14187204.31345,4400419.31467,127.44582475472596,36.721939712405
243151,509010,2025,씨유하복대,편의점,,충청북도 청주시 흥덕구 복대동 2962,충청북도 청주시 흥덕구 진재로 30,43,43113,43113114,14185422.43349,4388181.48695,127.4298178546984,36.63377171943893
243154,509010,2025,씨유청주우미린,편의점,,충청북도 청주시 상당구 용담동 495,충청북도 청주시 상당구 수영로 361,43,43111,43111121,14194628.46822,4388139.78088,127.51251707175084,36.63347107339542
243155,509010,2025,씨유청주,편의점,,충청북도 청주시 흥덕구 강서동 578-3,충청북도 청주시 흥덕구 홍골로 10-2,43,43113,43113117,14184834.00768,4385319.25124,127.42453193571073,36.61313603340274
243158,509010,2025,이마트24R충북대,편의점,,충청북도 청주시 서원구 사창동 444,충청북도 청주시 서원구 1순환로674번길 38,43,43112,43112102,14188647.49406,4388023.09588,127.45878906672485,36.63262992141201
243159,509010,2025,세븐일레븐청주분평,편의점,,충청북도 청주시 서원구 분평동 1226,충청북도 청주시 서원구 월평로 4,43,43112,43112106,14191599.19982,4385021.18008,127.48530469071287,36.610986730368296
243165,509010,2025,씨유청주테크노타운점,편의점,,충청북도 청주시 흥덕구 송절동 691,충청북도 청주시 흥덕구 송화로150번길 7-3,43,43113,43113134,14187704.37051,4392601.69329,127.4503168437259,36.6656289563778
243167,509010,2025,지에스25청주1캠퍼스,편의점,,충청북도 청주시 흥덕구 향정동 1,충청북도 청주시 흥덕구 대신로 215,43,43113,43113136,14185485.99392,4390670.18208,127.43038882775582,36.65170982238381
243174,509010,2025,세븐일레븐청주오송,편의점,,충청북도 청주시 흥덕구 오송읍 연제리 715,충청북도 청주시 흥덕구 오송읍 오송생명로 186,43,43113,43113250,14174265.17214,4387814.41949,127.32959047068823,36.63112560439858
243175,509010,2025,세븐일레븐청원오창양청고점,편의점,,충청북도 청주시 청원구 오창읍 양청리 668-8,충청북도 청주시 청원구 오창읍 양청4길 21,43,43114,43114253,14186045.481,4400775.40319,127.43541478570884,36.72450365540614
243176,509010,2025,지에스25산남,편의점,,충청북도 청주시 서원구 산남동 656,충청북도 청주시 서원구 산남로 60,43,43112,43112104,14189619.69771,4385084.87205,127.4675225207068,36.61144599937122
243178,509010,2025,지에스25율량,편의점,,충청북도 청주시 청원구 율량동 1175,충청북도 청주시 청원구 사뜸로61번길 42,43,43114,43114103,14190831.3015,4392785.36744,127.47840654273683,36.666952444423835
243179,509010,2025,지에스25오창엔솔,편의점,,충청북도 청주시 흥덕구 옥산면 남촌리 1114-1,충청북도 청주시 흥덕구 옥산면 과학산업3로 29,43,43113,43113320,14183685.98124,4397378.0868,127.41421903873304,36.70003848244346
243181,509010,2025,세븐일레븐봉명현대점,편의점,,충청북도 청주시 흥덕구 봉명동 2751,충청북도 청주시 흥덕구 백봉로223번길 17,43,43113,43113115,14188799.65467,4390465.07791,127.46015594874109,36.65023162339842
243182,509010,2025,세븐일레븐청주동남LH점,편의점,,충청북도 청주시 상당구 용암동 3145,충청북도 청주시 상당구 호미로 137,43,43111,43111125,14195336.36077,4386495.62199,127.51887617872352,36.62161791042904
243183,509010,2025,세븐일레븐율량주성점,편의점,,충청북도 청주시 청원구 율량동 2120,충청북도 청주시 청원구 율량로189번길 15,43,43114,43114103,14193217.87505,4392620.93948,127.49984549770623,36.665767638377744
243186,509010,2025,세븐일레븐청주대,편의점,,충청북도 청주시 청원구 우암동 20-2,충청북도 청주시 청원구 수암로 98-15,43,43114,43114101,14192578.74088,4390537.60019,127.49410405777029,36.65075429939191
243188,509010,2025,지에스25송절,편의점,,충청북도 청주시 흥덕구 송절동 672,충청북도 청주시 흥덕구 송화로130번길 14,43,43113,43113134,14187510.63586,4392334.6522,127.44857649575405,36.66370471637277
243193,509010,2025,세븐일레븐청주복대대원점,편의점,,충청북도 청주시 흥덕구 복대동 221-7,충청북도 청주시 흥덕구 죽천로146번길 3,43,43113,43113114,14186456.78626,4388712.31732,127.4391096037243,36.63759820743866
243196,509010,2025,이마트24청주성안길점,편의점,,충청북도 청주시 상당구 북문로1가 112,충청북도 청주시 상당구 사직대로 372,43,43111,43111102,14191980.19891,4388594.87388,127.48872726377115,36.636751633374985
243197,509010,2025,씨유SK오창,편의점,,충청북도 청주시 청원구 오창읍 각리 84-4,충청북도 청주시 청원구 오창읍 오창대로 415,43,43114,43114253,14186319.16698,4398330.57859,127.43787334869802,36.7068984694196
243199,509010,2025,GS25청주상당점,편의점,,충청북도 청주시 상당구 용암동 1655,충청북도 청주시 상당구 1순환로1253번길 18,43,43111,43111124,14193712.65234,4384699.03047,127.50429015772528,36.608663737390245
243203,509010,2025,지에스25충북대,편의점,,충청북도 청주시 서원구 사창동 458,충청북도 청주시 서원구 1순환로672번길 54,43,43112,43112102,14188469.12295,4388006.88621,127.45718673178104,36.63251306936736
243205,509010,2025,세븐청주용암부영점,편의점,,충청북도 청주시 상당구 용암동 2433,충청북도 청주시 상당구 중흥로 142,43,43111,43111124,14194338.09188,4385788.63762,127.50990857670679,36.61652051840857
243206,509010,2025,이마트24청주쁘띠,편의점,,충청북도 청주시 상당구 문화동 118,충청북도 청주시 상당구 용담로 7,43,43111,43111107,14192282.06019,4388080.01439,127.49143892978661,36.633040233375205
243209,509010,2025,씨유오송,편의점,,충청북도 청주시 흥덕구 오송읍 연제리 675,충청북도 청주시 흥덕구 오송읍 오송생명3로 55,43,43113,43113250,14173981.42589,4388040.80721,127.32704153475602,36.632757598399884
243210,509010,2025,세븐충북대월드점,편의점,,충청북도 청주시 서원구 사창동 464,충청북도 청주시 서원구 1순환로674번길 72,43,43112,43112102,14188461.10638,4387908.0561,127.45711471770748,36.63180062040521
243212,509010,2025,GS25청주,편의점,,충청북도 청주시 청원구 율량동 846,충청북도 청주시 청원구 공항로150번길 136,43,43114,43114103,14192274.77099,4393179.94915,127.49137344978892,36.669795577438414
243214,509010,2025,세븐일레븐청주우암세원점,편의점,,충청북도 청주시 청원구 우암동 342-19,충청북도 청주시 청원구 사북로143번길 28,43,43114,43114101,14191762.44641,4389927.37212,127.48677115978185,36.64635620837628
243215,509010,2025,세븐일레븐청주락희호텔점,편의점,,충청북도 청주시 흥덕구 복대동 288-126,충청북도 청주시 흥덕구 대농로 47-2,43,43113,43113114,14185193.69944,4389634.96418,127.42776310176698,36.644248650375154
243216,509010,2025,씨유청주지플레이스점,편의점,,충청북도 청주시 청원구 율량동 2075,충청북도 청주시 청원구 1순환로 128,43,43114,43114103,14193051.95736,4392422.37268,127.49835503373768,36.66433681637567
243217,509010,2025,세븐일레븐청주오송점,편의점,,충청북도 청주시 흥덕구 오송읍 쌍청리 501-6,충청북도 청주시 흥덕구 오송읍 오송가락로 404-1,43,43113,43113250,14175935.86397,4388791.19969,127.34459855074975,36.63816681437999
243218,509010,2025,씨유청주비하,편의점,,충청북도 청주시 흥덕구 비하동 166-5,충청북도 청주시 흥덕구 비하로63번길 37,43,43113,43113138,14184618.26472,4387990.1285,127.42259388372638,36.632392266433264
243219,509010,2025,세븐일레븐청주산남,편의점,,충청북도 청주시 서원구 산남동 1156,충청북도 청주시 서원구 탑골로13번길 7-2,43,43112,43112104,14190384.00643,4385098.23501,127.47438842275736,36.61154235643487
243222,509010,2025,세븐청주용암강변점,편의점,,충청북도 청주시 상당구 용암동 2915,충청북도 청주시 상당구 무심동로 84,43,43111,43111124,14192957.77295,4385361.69798,127.49750896078729,36.61344209942624
243223,509010,2025,지에스25복대죽천점,편의점,,충청북도 청주시 흥덕구 복대동 52-14,충청북도 청주시 흥덕구 가로수로1318번길 12,43,43113,43113114,14186509.08739,4387940.14819,127.43957943276894,36.63203196738629
243224,509010,2025,씨유오창,편의점,,충청북도 청주시 청원구 오창읍 장대리 281-12,충청북도 청주시 청원구 오창읍 팔결로 710,43,43114,43114253,14188343.18698,4403130.19985,127.45605542971418,36.74145673538092
243225,509010,2025,지에스25서원대목민관,편의점,,충청북도 청주시 서원구 모충동 231,충청북도 청주시 서원구 무심서로 377-3,43,43112,43112103,14191243.41739,4387097.36567,127.48210864276551,36.62595624639144
243226,509010,2025,세븐청주비하점,편의점,,충청북도 청주시 흥덕구 비하동 674-15,충청북도 청주시 흥덕구 청향로13번길 3,43,43113,43113138,14184492.03154,4388720.23179,127.42145991177665,36.63765525741723
243227,509010,2025,테크노비앤에스,편의점,,충청북도 청주시 흥덕구 송절동 691,충청북도 청주시 흥덕구 송화로150번길 7-3,43,43113,43113134,14187704.37051,4392601.69329,127.4503168437259,36.6656289563778
243232,509010,2025,씨유청주서원대점,편의점,,충청북도 청주시 서원구 모충동 252-14,충청북도 청주시 서원구 서원남로69번길 3,43,43112,43112103,14191042.05379,4386590.31172,127.4802997627698,36.62230060243837
243233,509010,2025,지에스25가경세원점,편의점,,충청북도 청주시 흥덕구 가경동 1510,충청북도 청주시 흥덕구 가경로 140,43,43113,43113113,14186301.02981,4387307.33985,127.43771041972776,36.62747002042222
243235,509010,2025,지에스25봉산,편의점,,충청북도 청주시 흥덕구 오송읍 봉산리 1189,충청북도 청주시 흥덕구 오송읍 봉산2길 49,43,43113,43113250,14173201.95635,4386539.21212,127.32003944074216,36.621932186375844
243238,509010,2025,지에스25흥덕진양점,편의점,,충청북도 청주시 흥덕구 운천동 677-1,충청북도 청주시 흥덕구 사운로 257,43,43113,43113104,14190310.33942,4390446.89719,127.47372666074709,36.65010059240736
243239,509010,2025,GS25사창사거리,편의점,,충청북도 청주시 서원구 사창동 148-7,충청북도 청주시 서원구 사직대로 109,43,43112,43112102,14188730.84364,4388371.14751,127.45953780874135,36.63513890843234
243240,509010,2025,씨유청원북이용계점,편의점,,충청북도 청주시 청원구 북이면 용계리 595-1,충청북도 청주시 청원구 북이면 신대석성로 256,43,43114,43114310,14195405.81222,4403921.68388,127.519500071714,36.74715409040683
243241,509010,2025,지에스25산남,편의점,,충청북도 청주시 서원구 산남동 894,충청북도 청주시 서원구 두꺼비로20번길 35,43,43112,43112104,14189622.54137,4384893.96439,127.46754806573921,36.610069397389374
243242,509010,2025,이마트24청주,편의점,,충청북도 청주시 상당구 산성동 218-2,충청북도 청주시 상당구 것대로 1,43,43111,43111123,14197989.24205,4390975.23104,127.54270741673463,36.65390827743314
243243,509010,2025,씨유청주,편의점,,충청북도 청주시 흥덕구 복대동 162-4,충청북도 청주시 흥덕구 내수동로12번길 6,43,43113,43113114,14187522.24036,4388138.66293,127.44868074075121,36.6334630144266
243246,509010,2025,세븐일레븐청주,편의점,,충청북도 청주시 서원구 수곡동 70-2,충청북도 청주시 서원구 수영로 8,43,43112,43112107,14191787.31852,4385558.98239,127.48699458974748,36.61486462040364
243247,509010,2025,씨유청주월평로점,편의점,,충청북도 청주시 상당구 용암동 2045,충청북도 청주시 상당구 월평로 246,43,43111,43111124,14194345.88247,4384388.28084,127.50997856076751,36.6064228823816
243254,509010,2025,GS25사창원룸점,편의점,,충청북도 청주시 서원구 사창동 141-1,충청북도 청주시 서원구 사직대로99번길 32,43,43112,43112102,14188631.33058,4388559.02338,127.45864386771353,36.63649320837385
243256,509010,2025,씨유청주신봉점,편의점,,충청북도 청주시 흥덕구 신봉동 170-7,충청북도 청주시 흥덕구 사운로 336,43,43113,43113105,14189800.20917,4391347.03773,127.46914408274178,36.65658776338605
243258,509010,2025,GS25복대명성점,편의점,,충청북도 청주시 흥덕구 복대동 292-19,충청북도 청주시 흥덕구 대신로73번길 61,43,43113,43113114,14185651.49906,4388971.17079,127.43187558572464,36.63946408241965
243262,509010,2025,씨유청주지웰,편의점,,충청북도 청주시 흥덕구 복대동 288-15,충청북도 청주시 흥덕구 대농로 47,43,43113,43113114,14185177.10827,4389374.12387,127.42761406075104,36.642368570399235
243265,509010,2025,코리아세븐오창,편의점,,충청북도 청주시 청원구 오창읍 양청리 789-6,충청북도 청주시 청원구 오창읍 중심상업1로 8-27,43,43114,43114253,14185280.23865,4399355.46363,127.42854049671726,36.714279159421515
243267,509010,2025,세븐일레븐오창지식,편의점,,충청북도 청주시 청원구 오창읍 양청리 808-7,충청북도 청주시 청원구 오창읍 양청송대길 5,43,43114,43114253,14186373.48778,4399244.00192,127.43836132074692,36.71347650440873
243268,509010,2025,세븐오창양청본점주,편의점,,충청북도 청주시 청원구 오창읍 양청리 718-22,충청북도 청주시 청원구 오창읍 양청택지1길 1,43,43114,43114253,14184347.89751,4399664.02501,127.42016513375535,36.71650111943984
243270,509010,2025,코리아세븐청주뉴,편의점,,충청북도 청주시 흥덕구 복대동 2836,충청북도 청주시 흥덕구 짐대로72번길 51,43,43113,43113114,14185147.5014,4387855.88125,127.42734809771262,36.63142449838848
243272,509010,2025,한성지점,편의점,,충청북도 청주시 청원구 내수읍 입상리 79-9,충청북도 청주시 청원구 내수읍 오창대로 980,43,43114,43114250,14192782.37239,4400441.61924,127.49593331074816,36.72210031443986
243273,509010,2025,지에스25용암원룸점,편의점,,충청북도 청주시 상당구 용암동 1984,충청북도 청주시 상당구 무농정로31번길 7-2,43,43111,43111124,14193924.31567,4384415.61227,127.50619156176981,36.60661997540233
243279,509010,2025,씨유옥산,편의점,,충청북도 청주시 흥덕구 옥산면 오산리 593-10,충청북도 청주시 흥덕구 옥산면 오송가락로 742,43,43113,43113320,14178589.11716,4391608.37374,127.36843312968522,36.65847106843986
243280,509010,2025,코리아세븐청주,편의점,,충청북도 청주시 서원구 성화동 616,충청북도 청주시 서원구 신성화로 8,43,43112,43112108,14188721.21139,4385678.49611,127.45945128076737,36.615726362370886
243281,509010,2025,GS25양청원마트점,편의점,,충청북도 청주시 청원구 오창읍 양청리 754-1,충청북도 청주시 청원구 오창읍 양청길 6,43,43114,43114253,14184715.09431,4399782.06824,127.42346371873302,36.71735113538623
243284,509010,2025,미니스톱청주고점,편의점,,충청북도 청주시 흥덕구 봉명동 1280,충청북도 청주시 흥덕구 사직대로81번길 37,43,43113,43113114,14188375.91603,4388556.49121,127.45634943977272,36.63647495542869
243285,509010,2025,씨유충북대,편의점,,충청북도 청주시 서원구 사창동 156-5,충청북도 청주시 서원구 내수동로 117-1,43,43112,43112102,14188800.73235,4388217.80201,127.46016562970523,36.63403350241831
243286,509010,2025,무무24꽃동네대학점,편의점,,충청북도 청주시 서원구 현도면 상삼리 387,충청북도 청주시 서원구 현도면 상삼길 133,43,43112,43112320,14182138.93576,4372715.02144,127.40032169273198,36.52219838337598
243288,509010,2025,지에스25청주상당로점,편의점,,충청북도 청주시 상당구 북문로3가 110-3,충청북도 청주시 상당구 상당로143번길 44,43,43111,43111104,14191825.12139,4389184.49088,127.48733417870656,36.641001708423445
243289,509010,2025,씨유청주서문,편의점,,충청북도 청주시 상당구 서문동 6-7,충청북도 청주시 상당구 상당로81번길 66,43,43111,43111109,14191752.75794,4388440.96958,127.48668412677503,36.635642222389144
243290,509010,2025,지에스25복대스타,편의점,,충청북도 청주시 흥덕구 복대동 22-3,충청북도 청주시 흥덕구 가로수로1351번길 41,43,43113,43113114,14186825.8805,4388374.75087,127.4424252336955,36.63516488341413
243295,509010,2025,지에스25분평월드점,편의점,,충청북도 청주시 서원구 분평동 276-3,충청북도 청주시 서원구 매봉로12번길 21-2,43,43112,43112106,14190853.70154,4385083.6622,127.47860776571986,36.611437275430355
243296,509010,2025,지에스25뉴양청,편의점,,충청북도 청주시 청원구 오창읍 양청리 769-10,충청북도 청주시 청원구 오창읍 양청1길 13,43,43114,43114253,14185161.67872,4400121.50163,127.42747545474508,36.71979530442433
243299,509010,2025,이마트24남청주IC점,편의점,,충청북도 청주시 서원구 남이면 부용외천리 847-23,충청북도 청주시 서원구 남이면 연청로 1379,43,43112,43112310,14184793.50108,4374209.2636,127.4241680587318,36.532984712368204
243300,509010,2025,씨유청주탑동힐데스하임점,편의점,,충청북도 청주시 상당구 탑동 213-27,충청북도 청주시 상당구 탑동로 18,43,43111,43111117,14192859.4234,4387439.35762,127.49662547174765,36.62842176541944
243301,509010,2025,씨스페이스청주서문점,편의점,,충청북도 청주시 상당구 서문동 139-3,충청북도 청주시 상당구 무심동로372번길 43,43,43111,43111109,14191692.48133,4388187.76286,127.48614265277456,36.633816960414066
243302,509010,2025,씨유청주용암건영점,편의점,,충청북도 청주시 상당구 용암동 2099,충청북도 청주시 상당구 월평로 161,43,43111,43111124,14193580.87723,4385088.85971,127.5031064017713,36.61147475343296
243303,509010,2025,씨유오창,편의점,,충청북도 청주시 청원구 오창읍 양청리 819-1,충청북도 청주시 청원구 오창읍 중심상업로 27,43,43114,43114253,14185351.20494,4399209.02633,127.429177997747,36.71322463741963
243305,509010,2025,GS25오창바이오점,편의점,,충청북도 청주시 청원구 오창읍 양청리 808-5,충청북도 청주시 청원구 오창읍 중부로 798,43,43114,43114253,14186403.82145,4399341.79176,127.43863381274082,36.71418070637699
243308,509010,2025,GS25오창하이츠,편의점,,충청북도 청주시 청원구 오창읍 각리 637-6,충청북도 청주시 청원구 오창읍 오창중앙로 12,43,43114,43114253,14185070.37191,4398732.04665,127.4266552317153,36.709789718432916
243313,509010,2025,세븐일레븐청주복대,편의점,,충청북도 청주시 흥덕구 복대동 2665,충청북도 청주시 흥덕구 진재로35번길 15,43,43113,43113114,14185303.19986,4388241.26496,127.42874676077614,36.634202638412624
243314,509010,2025,GS25서문파크점,편의점,,충청북도 청주시 상당구 서문동 199-10,충청북도 청주시 상당구 남사로83번길 14,43,43111,43111109,14191528.49414,4388006.06999,127.48466953078258,36.63250718540723
243315,509010,2025,씨유청주용암,편의점,,충청북도 청주시 상당구 용암동 2597,충청북도 청주시 상당구 용암북로138번길 35,43,43111,43111124,14194825.76465,4386285.97596,127.51428941573681,36.620106387411916
243320,509010,2025,세븐일레븐청주사직,편의점,,충청북도 청주시 서원구 사창동 551,충청북도 청주시 서원구 예체로67번길 12-1,43,43112,43112101,14189653.05293,4388009.09283,127.46782215574613,36.632528976429484
243322,509010,2025,씨유청주가경,편의점,,충청북도 청주시 흥덕구 가경동 1746,충청북도 청주시 흥덕구 서현동로 8,43,43113,43113113,14185495.72647,4386692.97975,127.43047625674001,36.623040809394425
243324,509010,2025,씨유청주한국,편의점,,충청북도 청주시 상당구 영운동 154-4,충청북도 청주시 상당구 영운로 57,43,43111,43111119,14192714.30731,4386344.82519,127.49532187173128,36.620530686374025
243328,509010,2025,씨유청주율량더킹점,편의점,,충청북도 청주시 청원구 율량동 2029,충청북도 청주시 청원구 율량로202번길 60,43,43114,43114103,14192711.71123,4392534.54923,127.49529855074786,36.66514513541463
243329,509010,2025,미니스톱복대,편의점,,충청북도 청주시 흥덕구 복대동 3245,충청북도 청주시 흥덕구 진재로 104,43,43113,43113114,14185510.42888,4389106.96338,127.43060833073619,36.64044288837658
243330,509010,2025,지에스25복대덕성점,편의점,,충청북도 청주시 흥덕구 복대동 95-1,충청북도 청주시 흥덕구 가로수로1379번길 83,43,43113,43113114,14186885.22248,4388551.25761,127.44295831177182,36.6364372294275
243331,509010,2025,토드편의점성안길점,편의점,,충청북도 청주시 상당구 북문로2가 72-1,충청북도 청주시 상당구 중앙로 14,43,43111,43111103,14192029.84996,4388792.51652,127.48917328674209,36.63817630643594
243332,509010,2025,그린24시,편의점,,충청북도 청주시 흥덕구 봉명동 1430,충청북도 청주시 흥덕구 과상미로10번길 51,43,43113,43113115,14189140.79036,4389798.08099,127.46322042278437,36.64542433738867
243335,509010,2025,지에스25청주성화점,편의점,,충청북도 청주시 서원구 성화동 781,충청북도 청주시 서원구 장전로32번길 4,43,43112,43112108,14187862.73162,4385817.70252,127.45173942578133,36.61673008440763
243338,509010,2025,지에스봉명,편의점,,충청북도 청주시 흥덕구 봉명동 2497,충청북도 청주시 흥덕구 덕암로47번길 10-1,43,43113,43113115,14188736.2875,4390945.44209,127.45958671176777,36.65369359443952
243339,509010,2025,지에스25방서,편의점,,충청북도 청주시 상당구 방서동 654,충청북도 청주시 상당구 단재로 316,43,43111,43111126,14193342.79178,4383654.09554,127.5009676437844,36.601128320419
243342,509010,2025,세븐일레븐청주서희,편의점,,충청북도 청주시 청원구 내덕동 437-1,충청북도 청주시 청원구 충청대로 76,43,43114,43114102,14192479.85344,4392279.06713,127.49321573678256,36.66330417640081
243347,509010,2025,세븐일레븐오창,편의점,,충청북도 청주시 청원구 오창읍 용두리 114,충청북도 청주시 청원구 오창읍 후기길 5,43,43114,43114253,14180625.02152,4401524.78864,127.38672196972371,36.7298991733891
243350,509010,2025,GS25상당내덕점,편의점,,충청북도 청주시 청원구 내덕동 284-3,충청북도 청주시 청원구 중앙로 176-2,43,43114,43114102,14191878.97353,4390815.70558,127.48781794071108,36.65275860242805
243351,509010,2025,미니스톱복대,편의점,,충청북도 청주시 흥덕구 복대동 2371,충청북도 청주시 흥덕구 성봉로 227-1,43,43113,43113114,14187623.5775,4387029.74033,127.44959106776847,36.62546870638733
243353,509010,2025,지에스25금천경희점,편의점,,충청북도 청주시 상당구 금천동 50-3,충청북도 청주시 상당구 꽃산동로 4-5,43,43111,43111120,14194247.17625,4387123.4655,127.50909186770674,36.62614441040583
243354,509010,2025,씨유청주봉명대로점,편의점,,충청북도 청주시 흥덕구 봉명동 2723,충청북도 청주시 흥덕구 백봉로197번길 8,43,43113,43113115,14188522.79063,4390395.53163,127.45766883675319,36.649730392429774
243355,509010,2025,세븐청주봉명그린점,편의점,,충청북도 청주시 흥덕구 봉명동 857,충청북도 청주시 흥덕구 직지대로668번길 14,43,43113,43113115,14189538.96247,4389330.43574,127.4667972637061,36.6420536714149
243358,509010,2025,지에스25청원현도점,편의점,,충청북도 청주시 서원구 현도면 우록리 512-7,충청북도 청주시 서원구 현도면 청남로 506-21,43,43112,43112320,14185206.64578,4369715.68849,127.42787940071796,36.500542874381374
243359,509010,2025,씨유청주용정원룸점,편의점,,충청북도 청주시 상당구 용정동 796,충청북도 청주시 상당구 영운천로 177,43,43111,43111125,14194960.97609,4386869.88191,127.51550404076836,36.62431620639381
243360,509010,2025,씨유오창2산업단지,편의점,,충청북도 청주시 청원구 오창읍 주성리 640,충청북도 청주시 청원구 오창읍 2산단1로 14,43,43114,43114253,14187721.95131,4401777.7503,127.45047477473938,36.731720392430184
243362,509010,2025,세븐청주산남로점,편의점,,충청북도 청주시 서원구 산남동 650,충청북도 청주시 서원구 산남로 48,43,43112,43112104,14189773.05824,4385082.35318,127.46890018178777,36.61142783639706
243367,509010,2025,씨유율량해피점,편의점,,충청북도 청주시 청원구 율량동 2412,충청북도 청주시 청원구 율중로79번길 4,43,43114,43114103,14194432.72592,4391796.26422,127.51075868875222,36.659825063439065
243372,509010,2025,지에스25오송,편의점,,충청북도 청주시 흥덕구 오송읍 봉산리 1114,충청북도 청주시 흥덕구 오송읍 봉산2길 32-2,43,43113,43113250,14173046.71687,4386352.57023,127.31864490076615,36.62058652741391
243380,509010,2025,씨유청주우암,편의점,,충청북도 청주시 청원구 우암동 369-9,충청북도 청주시 청원구 내덕로 24-1,43,43114,43114101,14191414.22223,4391330.50165,127.48364300874947,36.65646859539214
243381,509010,2025,포시즌마트,편의점,,충청북도 청주시 청원구 내수읍 도원리 93-3,충청북도 청주시 청원구 내수읍 도원세교로 33-1,43,43114,43114250,14197573.7356,4399109.83934,127.53897485878727,36.712510365391594
243384,509010,2025,세븐일레븐청주모충,편의점,,충청북도 청주시 서원구 모충동 469-3,충청북도 청주시 서원구 쌍샘로 74,43,43112,43112103,14190549.4381,4387211.64229,127.47587452073395,36.62678010842023
243385,509010,2025,CU청주개신주공점,편의점,,충청북도 청주시 서원구 개신동 613,충청북도 청주시 서원구 경신로 65,43,43112,43112109,14187555.8043,4386525.7414,127.44898225075424,36.62183506536886
243387,509010,2025,GS25서원대학사,편의점,,충청북도 청주시 서원구 모충동 227-23,충청북도 청주시 서원구 구룡산로337번길 107,43,43112,43112103,14191491.10125,4386653.87502,127.4843336247365,36.6227588763806
243389,509010,2025,세븐일레븐청주오창신광점,편의점,,충청북도 청주시 청원구 오창읍 가좌리 163-5,충청북도 청주시 청원구 오창읍 두릉유리로 339,43,43114,43114253,14179467.87701,4402209.90199,127.37632716372958,36.734831605433776
243390,509010,2025,GS25봉명스마일,편의점,,충청북도 청주시 흥덕구 봉명동 869,충청북도 청주시 흥덕구 예체로167번길 30,43,43113,43113115,14189580.31076,4389227.36556,127.46716870171495,36.641310748386374
243391,509010,2025,세븐청주롯데아울렛점,편의점,,충청북도 청주시 흥덕구 비하동 811,충청북도 청주시 흥덕구 2순환로 1004,43,43113,43113138,14184524.23615,4389764.48435,127.4217492107105,36.645182186417365
243392,509010,2025,GS25복대빌리지,편의점,,충청북도 청주시 흥덕구 복대동 854-1,충청북도 청주시 흥덕구 충대로13번길 39,43,43113,43113114,14187748.22037,4388165.00598,127.4507107537204,36.633652913409556
243396,509010,2025,이마트24청주오창센터,편의점,,충청북도 청주시 청원구 오창읍 양청리 775-1,충청북도 청주시 청원구 오창읍 양청2길 46,43,43114,43114253,14185204.06284,4400303.82323,127.42785619777315,36.72110812138682
243400,509010,2025,이마트24청주남이삼포점,편의점,,충청북도 청주시 서원구 남이면 척북리 73-7,충청북도 청주시 서원구 남이면 저산척북로 636-8,43,43112,43112310,14184603.91842,4379557.76979,127.42246500872075,36.571581083383926
243403,509010,2025,코리아세븐청주비하주,편의점,,충청북도 청주시 흥덕구 비하동 308-4,충청북도 청주시 흥덕구 2순환로1050번길 16-2,43,43113,43113138,14184467.15063,4389203.40863,127.42123640275923,36.641138067395964
243409,509010,2025,세븐일레븐청주탑동LH점,편의점,,충청북도 청주시 상당구 탑동 83-11,충청북도 청주시 상당구 산성로55번길 15,43,43111,43111117,14193289.59163,4387549.52933,127.50048973870571,36.62921600839213
243410,509010,2025,이마트24충북,편의점,,충청북도 청주시 서원구 남이면 외천리 168,충청북도 청주시 서원구 남이면 남이외천길 50,43,43112,43112310,14185525.75813,4377256.73244,127.43074603573191,36.554978493418254
243411,509010,2025,세븐일레븐청주오창,편의점,,충청북도 청주시 청원구 오창읍 주성리 609,충청북도 청주시 청원구 오창읍 주성1길 16,43,43114,43114253,14187818.43013,4401914.62818,127.4513414587255,36.73270583838733
243412,509010,2025,GS25청주역점,편의점,,충청북도 청주시 흥덕구 정봉동 41-4,충청북도 청주시 흥덕구 청주역로 357,43,43113,43113140,14181314.41589,4389914.3876,127.39291490471814,36.64626262243866
243414,509010,2025,세븐일레븐청주율량,편의점,,충청북도 청주시 청원구 율량동 1975,충청북도 청주시 청원구 율봉로 260,43,43114,43114103,14192948.09205,4392750.2788,127.49742199578293,36.66669961041003
243415,509010,2025,GS25청주단재로점,편의점,,충청북도 청주시 상당구 남일면 쌍수리 299,충청북도 청주시 상당구 남일면 단재로 575,43,43111,43111340,14194871.40164,4380739.92107,127.51469937979324,36.580109228415594
243416,509010,2025,씨유청주가경주공점,편의점,,충청북도 청주시 흥덕구 가경동 1549,충청북도 청주시 흥덕구 경신로 11,43,43113,43113113,14186936.02981,4386278.49491,127.44341472178273,36.62005244938084
243417,509010,2025,GS25청주영운점,편의점,,충청북도 청주시 상당구 영운동 35-8,충청북도 청주시 상당구 쇠내로 159,43,43111,43111119,14194203.03897,4386309.60041,127.50869537577444,36.62027671837676
243418,509010,2025,지에스25동남,편의점,,충청북도 청주시 상당구 용암동 3383,충청북도 청주시 상당구 동남로109번길 17-9,43,43111,43111129,14194978.00775,4384237.47729,127.51565703877331,36.60533539538548
243420,509010,2025,CU현대오일뱅크문의IC점,편의점,,충청북도 청주시 상당구 문의면 남계리 179-18,충청북도 청주시 상당구 문의면 미천고은로 61,43,43111,43111350,14193525.54754,4373722.39487,127.50260936670931,36.529470369383574
243421,509010,2025,지에스25상당,편의점,,충청북도 청주시 청원구 우암동 322-3,충청북도 청주시 청원구 직지대로 879,43,43114,43114101,14191822.40063,4390598.44535,127.48730973770364,36.65119281436931
243422,509010,2025,GS25청주대,편의점,,충청북도 청주시 청원구 우암동 17-4,충청북도 청주시 청원구 수암로 98-3,43,43114,43114101,14192544.14089,4390591.70029,127.49379324077177,36.6511442024116
243424,509010,2025,지에스25충북대학사,편의점,,충청북도 청주시 서원구 개신동 150-13,충청북도 청주시 서원구 성봉로242번길 3-22,43,43112,43112109,14187797.27754,4387198.79394,127.45115144177653,36.62668748039636
243425,509010,2025,이마트24청주라마다점,편의점,,충청북도 청주시 청원구 율량동 2015,충청북도 청주시 청원구 충청대로 100,43,43114,43114103,14192536.46107,4392567.3276,127.49372425177489,36.665381327388374
243426,509010,2025,씨유청주복대다솜점,편의점,,충청북도 청주시 흥덕구 복대동 2066,충청북도 청주시 흥덕구 풍산로118번길 33,43,43113,43113114,14186905.53739,4387332.37475,127.44314080371332,36.627650503398506
243427,509010,2025,이마트24분평동점,편의점,,충청북도 청주시 서원구 분평동 1238,충청북도 청주시 서원구 1순환로1063번길 61-54,43,43112,43112106,14191624.40679,4384957.07675,127.48553112877707,36.61052449237579
243428,509010,2025,지에스25동남펜타점,편의점,,충청북도 청주시 상당구 용암동 3073,충청북도 청주시 상당구 중고개로141번길 13-2,43,43111,43111124,14195074.39384,4385817.26772,127.51652288975167,36.6167269493831
243429,509010,2025,씨유우암평화점,편의점,,충청북도 청주시 청원구 우암동 374-1,충청북도 청주시 청원구 향군로108번길 10,43,43114,43114101,14191303.34022,4391058.83891,127.48264693870615,36.6545108194015
243430,509010,2025,흥도,편의점,,충청북도 청주시 흥덕구 가경동 566,충청북도 청주시 흥덕구 2순환로 1262,43,43113,43113113,14185564.48585,4386760.56218,127.43109393275991,36.62352805539014
243434,509010,2025,이마트24오창,편의점,,충청북도 청주시 청원구 오창읍 양청리 787-5,충청북도 청주시 청원구 오창읍 중심상업1로 50,43,43114,43114253,14185204.46592,4399362.26395,127.42785981870239,36.71432812942822
243437,509010,2025,씨유청주가경민들레점,편의점,,충청북도 청주시 흥덕구 가경동 1457-10,충청북도 청주시 흥덕구 경산로 15,43,43113,43113113,14185875.69919,4386781.46882,127.43388960975973,36.623678784425316
243440,509010,2025,세븐청주대중문점주,편의점,,충청북도 청주시 청원구 우암동 20-2,충청북도 청주시 청원구 수암로 98-15,43,43114,43114101,14192578.74088,4390537.60019,127.49410405777029,36.65075429939191
243442,509010,2025,씨유청주가경로망스점,편의점,,충청북도 청주시 흥덕구 가경동 1050,충청북도 청주시 흥덕구 풍년로 192,43,43113,43113113,14185567.59556,4387541.86957,127.43112186776011,36.62916078839615
243446,509010,2025,씨유청주복대,편의점,,충청북도 청주시 흥덕구 복대동 1418,충청북도 청주시 흥덕구 신율로139번길 3,43,43113,43113114,14187307.70399,4387638.78856,127.44675352774925,36.62985948442516
243447,509010,2025,세븐청주지웰시티점주,편의점,,충청북도 청주시 흥덕구 복대동 3379,충청북도 청주시 흥덕구 대농로 17,43,43113,43113114,14184897.65805,4389425.90906,127.42510371671291,36.64274183038754
243448,509010,2025,씨유청주관문주유소점,편의점,,충청북도 청주시 서원구 미평동 19-2,충청북도 청주시 서원구 청남로 1894,43,43112,43112105,14190862.81126,4383840.75066,127.47868959972695,36.60247441437037
243450,509010,2025,세븐오창산업원룸점,편의점,,충청북도 청주시 청원구 오창읍 주성리 539,충청북도 청주시 청원구 오창읍 2산단로 187,43,43114,43114253,14188229.77747,4402516.48928,127.45503665475206,36.73703875941857
243458,509010,2025,응응스크르청주,편의점,,충청북도 청주시 서원구 분평동 1352,충청북도 청주시 서원구 원마루로 2,43,43112,43112106,14192722.28102,4384684.64223,127.49539350078695,36.60855998340355
243459,509010,2025,씨유내수한마음점,편의점,,충청북도 청주시 청원구 내수읍 은곡리 297-2,충청북도 청주시 청원구 내수읍 은곡묵방길 19,43,43114,43114250,14196032.66063,4398468.92244,127.52513114679007,36.707894791397216
243460,509010,2025,GS25청주블루점,편의점,,충청북도 청주시 흥덕구 복대동 2859,충청북도 청주시 흥덕구 짐대로72번길 40,43,43113,43113114,14185241.27806,4387815.71733,127.42819050778246,36.63113496042456
243461,509010,2025,씨유청주공항,편의점,,충청북도 청주시 청원구 외하동 419-5,충청북도 청주시 청원구 팔결로 321,43,43114,43114113,14190662.76936,4398963.19573,127.47689259276434,36.71145433339178
243463,509010,2025,이마트24오창양청원룸점,편의점,,충청북도 청주시 청원구 오창읍 양청리 682-3,충청북도 청주시 청원구 오창읍 양청5길 17-11,43,43114,43114253,14186000.17564,4400629.81914,127.43500780073538,36.723455417392515
243465,509010,2025,씨유양청,편의점,,충청북도 청주시 청원구 오창읍 양청리 733-14,충청북도 청주시 청원구 오창읍 양청택지로 122,43,43114,43114253,14184472.98132,4399555.92197,127.42128878073869,36.71572267342659
243466,509010,2025,씨유SK청주용담골든벨주유소,편의점,,충청북도 청주시 상당구 용담동 434,충청북도 청주시 상당구 산성로 183,43,43111,43111121,14194343.03347,4388681.21273,127.50995296776505,36.63737399540263
243467,509010,2025,GS25오창양청점,편의점,,충청북도 청주시 청원구 오창읍 양청리 734-1,충청북도 청주시 청원구 오창읍 양청택지2길 25,43,43114,43114253,14184497.36385,4399806.59802,127.42150781273237,36.71752777037693
243468,509010,2025,씨유청주수동점,편의점,,충청북도 청주시 상당구 수동 401-2,충청북도 청주시 상당구 대성로 217,43,43111,43111112,14192301.27493,4389690.76373,127.49161153873285,36.64465083538419
243469,509010,2025,7-ELEVEN청주,편의점,,충청북도 청주시 흥덕구 가경동 1452-2,충청북도 청주시 흥덕구 풍년로150번길 16,43,43113,43113113,14185921.63952,4387115.23887,127.43430229876576,36.626085101420614
243471,509010,2025,세븐일레븐청주,편의점,,충청북도 청주시 서원구 분평동 1255,충청북도 청주시 서원구 분평로 53,43,43112,43112106,14192259.25461,4384692.24101,127.4912340637758,36.608614778428475
243474,509010,2025,지에스25봉명센터,편의점,,충청북도 청주시 흥덕구 봉명동 209,충청북도 청주시 흥덕구 봉명로149번길 6,43,43113,43113115,14188599.22994,4389006.44998,127.45835550275811,36.63971837938612
243478,509010,2025,씨유오창,편의점,,충청북도 청주시 청원구 오창읍 각리 636-2,충청북도 청주시 청원구 오창읍 오창공원로 96,43,43114,43114253,14184711.92671,4399208.94287,127.42343526369807,36.71322403640466
243479,509010,2025,단백한봄,편의점,,충청북도 청주시 서원구 사창동 151-11,충청북도 청주시 서원구 사직대로 100,43,43112,43112102,14188605.74769,4388275.75588,127.45841405270252,36.63445127041473
243480,509010,2025,세븐청주복대대승점,편의점,,충청북도 청주시 흥덕구 복대동 3337,충청북도 청주시 흥덕구 죽천로 127,43,43113,43113114,14186231.00128,4388778.67366,127.43708134273946,36.6380765234126
250311,509010,2025,씨유청주분평스타일점,편의점,,충청북도 청주시 서원구 분평동 1425,충청북도 청주시 서원구 1순환로 1059,43,43112,43112106,14191484.94027,4384428.37449,127.48427827971149,36.606712006436794
250313,509010,2025,미니스톱동남,편의점,,충청북도 청주시 상당구 용암동 3230,충청북도 청주시 상당구 중고개로125번길 31-1,43,43111,43111124,14195011.33402,4385571.01342,127.5159564137504,36.61495136940252
250314,509010,2025,이마트24청주서촌점,편의점,,충청북도 청주시 흥덕구 서촌동 560-2,충청북도 청주시 흥덕구 강촌로 254,43,43113,43113125,14181585.77507,4389285.85058,127.39535256570728,36.64173230541497
250315,509010,2025,씨유충북대,편의점,,충청북도 청주시 서원구 사창동 386-9,충청북도 청주시 서원구 내수동로102번길 50,43,43112,43112102,14188403.26188,4387921.84262,127.45659509172286,36.63190000540984
250316,509010,2025,씨유청주직지,편의점,,충청북도 청주시 흥덕구 송정동 70-73,충청북도 청주시 흥덕구 직지대로436번길 76,43,43113,43113116,14186590.39047,4389128.72546,127.44030979076314,36.64059975037128
250317,509010,2025,지에스25과상미로점,편의점,,충청북도 청주시 흥덕구 봉명동 1325,충청북도 청주시 흥덕구 과상미로83번길 1,43,43113,43113115,14188988.18625,4389997.13139,127.46184955673985,36.646858996420455
250343,509010,2025,지에스25충북대,편의점,,충청북도 청주시 서원구 사창동 480,충청북도 청주시 서원구 1순환로674번길 3,43,43112,43112102,14188806.89322,4388104.2185,127.46022097374208,36.633214714369295
